<?xml version = '1.0' encoding = 'UTF-8'?>
<workzone xmlns:xref="http://www.oracle.com/XSL/Transform/java/oracle.tip.xref.xpath.XRefXPathFunctionsDT" xmlns:fr="http://orbeon.org/oxf/xml/form-runner" xmlns:xp20="http://www.oracle.com/XSL/Transform/java/oracle.tip.pc.services.functions.Xpath20" xmlns:mhdr="http://www.oracle.com/XSL/Transform/java/oracle.tip.mediator.service.common.functions.MediatorExtnFunction" xmlns:dvm="http://www.oracle.com/XSL/Transform/java/oracle.tip.dvm.LookupValueDT" xmlns:socket="http://www.oracle.com/XSL/Transform/java/oracle.tip.adapter.socket.ProtocolTranslator" xmlns:oraext="http://www.oracle.com/XSL/Transform/java/oracle.tip.pc.services.functions.ExtFunc" xmlns:xsi="http://www.w3.org/2001/XMLSchema-instance" xsi:noNamespaceSchemaLocation="file:/D:/JDeveloper/mywork/Application1/Project1/SOA/Schemas/WorkZone-2017.xsd">
   <PJBehandlingsMetode>opret</PJBehandlingsMetode>
   <sager>
      <sag>
         <File>
            <Authority_Value>75</Authority_Value>
            <CreateUser_Value>CAPWEBSVC_KPSANST</CreateUser_Value>
            <FileClass_Value>71.10.00</FileClass_Value>
            <DefaultRecordClassification_Value>NOTCLASS</DefaultRecordClassification_Value>
            <FileGroup_Value>ESAG</FileGroup_Value>
            <FileType_Value>SAG</FileType_Value>
            <GGEBEL_Value>J</GGEBEL_Value>
            <GGEINDB_Value>400</GGEINDB_Value>
            <GGESTA_Value>BS1</GGESTA_Value>
            <GGESTR_Value>G1</GGESTR_Value>
            <GSAGSSTART_Value>2019-10-28</GSAGSSTART_Value>
            <GSWBIC_Value/>
            <GIBAN_Value/>
            <State_Value>080I</State_Value>
            <Title>580-456789, Søllerødvej 2, 2700 Brønshøj</Title>
         </File>
         <FileInfos>
            <FileInfo>
               <CustomLabel_Value>Blankettid</CustomLabel_Value>
               <Info_Value>13:44:28</Info_Value>
            </FileInfo>
            <FileInfo>
               <CustomLabel_Value>BlanketID</CustomLabel_Value>
               <Info_Value>504725</Info_Value>
            </FileInfo>
            <FileInfo>
               <CustomLabel_Value>TRANS_ID</CustomLabel_Value>
               <Info_Value>2589346896</Info_Value>
            </FileInfo>
         </FileInfos>
         <FileDates>
            <FileDate>
               <CustomLabel_Value>Blanketdato</CustomLabel_Value>
               <DateStamp>2019-10-28</DateStamp>
            </FileDate>
         </FileDates>
         <FileContacts>
            <FileContact>
               <CreateIfNone>false</CreateIfNone>
               <CustomLabel_Value>Primærpart</CustomLabel_Value>
               <NameCode>181078-4402</NameCode>
               <NameType_Value>C</NameType_Value>
               <SkmBem/>
               <Note>Part navn.: </Note>
            </FileContact>
            <FileContact>
               <CreateIfNone>true</CreateIfNone>
               <CustomLabel_Value>Ejendom</CustomLabel_Value>
               <NameCode>580-456789</NameCode>
               <NameType_Value>1</NameType_Value>
               <Note>Part navn.: </Note>
               <ContactAddress>
                  <Address1>Søllerødvej 2</Address1>
                  <Postcode_Value>2700</Postcode_Value>
               </ContactAddress>
            </FileContact>
            <FileContact>
               <CreateIfNone>false</CreateIfNone>
               <CustomLabel_Value>Afg.myndigh</CustomLabel_Value>
               <NameCode>3726</NameCode>
               <NameType_Value>I</NameType_Value>
               <SkmPartafgdato>2002-02-02</SkmPartafgdato>
               <Note>Part afg.dato: 2002-02-02</Note>
            </FileContact>
            <FileContact>
               <CreateIfNone>false</CreateIfNone>
               <CustomLabel_Value>MYND</CustomLabel_Value>
               <NameCode>3726</NameCode>
               <NameType_Value>I</NameType_Value>
               <SkmPartafgdato>2002-02-02</SkmPartafgdato>
               <Note>Part afg.dato: 2002-02-02</Note>
            </FileContact>
         </FileContacts>
         <Documents>
            <Document>
               <DokumentRolleBetegnelse>Hoveddok</DokumentRolleBetegnelse>
               <FilIndhold>{FileData:2017 Information om influenza.docx}</FilIndhold>
               <FilNavn>2017 Information om influenza.docx</FilNavn>
               <Titel>Klage (vedhæftet begrundelse)</Titel>
               <DokumentDato>2019-10-28</DokumentDato>
               <Record>
                  <Source_Value>KLAGEP</Source_Value>
               </Record>
               <RecordDates>
                  <RecordDate>
                     <CustomLabel_Value>Blanketdato</CustomLabel_Value>
                     <DateStamp>2019-10-28</DateStamp>
                  </RecordDate>
               </RecordDates>
            </Document>
            <Document>
               <DokumentRolleBetegnelse>Bilag</DokumentRolleBetegnelse>
               <FilIndhold>{FileData:1. 2015-12-18 Bilag 1 - Tilslutningsinstruks_Nye myndigheder.pdf}</FilIndhold>
               <FilNavn>1. 2015-12-18 Bilag 1 - Tilslutningsinstruks_Nye myndigheder.pdf</FilNavn>
               <Titel>Afgørelse</Titel>
               <DokumentDato>2019-10-28</DokumentDato>
               <Record>
                  <Source_Value>KLAGEP</Source_Value>
               </Record>
               <RecordDates>
                  <RecordDate>
                     <CustomLabel_Value>Blanketdato</CustomLabel_Value>
                     <DateStamp>2019-10-28</DateStamp>
                  </RecordDate>
               </RecordDates>
            </Document>
            <Document>
               <DokumentRolleBetegnelse>Bilag</DokumentRolleBetegnelse>
               <FilIndhold>{FileData:2018 06 Personale til- og afgang.docx}</FilIndhold>
               <FilNavn>2018 06 Personale til- og afgang.docx</FilNavn>
               <Titel>2018 06 Personale til- og afgang</Titel>
               <DokumentDato>2019-10-28</DokumentDato>
               <Record>
                  <Source_Value>KLAGEP</Source_Value>
               </Record>
               <RecordDates>
                  <RecordDate>
                     <CustomLabel_Value>Blanketdato</CustomLabel_Value>
                     <DateStamp>2019-10-28</DateStamp>
                  </RecordDate>
               </RecordDates>
            </Document>
            <Document>
               <DokumentRolleBetegnelse>Bilag</DokumentRolleBetegnelse>
               <FilIndhold>{FileData}</FilIndhold>
               <FilNavn>{PdfData.FileName}</FilNavn>
               <Titel>Klageformular</Titel>
               <DokumentDato>2019-10-28</DokumentDato>
               <Record>
                  <Source_Value>KLAGEP</Source_Value>
               </Record>
               <RecordDates>
                  <RecordDate>
                     <CustomLabel_Value>Blanketdato</CustomLabel_Value>
                     <DateStamp>2019-10-28</DateStamp>
                  </RecordDate>
               </RecordDates>
            </Document>
         </Documents>
      </sag>
   </sager>
</workzone>
