<?xml version = '1.0' encoding = 'UTF-8'?>
<workzone xmlns:xref="http://www.oracle.com/XSL/Transform/java/oracle.tip.xref.xpath.XRefXPathFunctionsDT" xmlns:fr="http://orbeon.org/oxf/xml/form-runner" xmlns:xp20="http://www.oracle.com/XSL/Transform/java/oracle.tip.pc.services.functions.Xpath20" xmlns:mhdr="http://www.oracle.com/XSL/Transform/java/oracle.tip.mediator.service.common.functions.MediatorExtnFunction" xmlns:dvm="http://www.oracle.com/XSL/Transform/java/oracle.tip.dvm.LookupValueDT" xmlns:socket="http://www.oracle.com/XSL/Transform/java/oracle.tip.adapter.socket.ProtocolTranslator" xmlns:oraext="http://www.oracle.com/XSL/Transform/java/oracle.tip.pc.services.functions.ExtFunc" xmlns:xsi="http://www.w3.org/2001/XMLSchema-instance" xsi:noNamespaceSchemaLocation="file:/D:/JDeveloper/mywork/Application1/Project1/SOA/Schemas/WorkZone-2017.xsd">
   <PJBehandlingsMetode>genoptag</PJBehandlingsMetode>
   <sager>
      <sag>
         <FileNo>16-1256986</FileNo>
         <File>
            <Authority_Value>75</Authority_Value>
            <CreateUser_Value>CAPWEBSVC_KPSANST</CreateUser_Value>
            <FileClass_Value>$#$</FileClass_Value>
            <DefaultRecordClassification_Value>NOTCLASS</DefaultRecordClassification_Value>
            <FileGroup_Value>$#$</FileGroup_Value>
            <FileCategory_Value>$#$</FileCategory_Value>
            <FileType_Value>GOP</FileType_Value>
            <GGEBEL_Value>J</GGEBEL_Value>
            <GGEINDB_Value>400</GGEINDB_Value>
            <GGESTA_Value>BS1</GGESTA_Value>
            <GGESTR_Value>G1</GGESTR_Value>
            <GSAGSSTART_Value>2019-09-17</GSAGSSTART_Value>
            <State_Value>080I</State_Value>
            <Title>$#$</Title>
         </File>
         <FileInfos>
            <FileInfo>
               <CustomLabel_Value>Blankettid</CustomLabel_Value>
               <Info_Value>20:01:31</Info_Value>
            </FileInfo>
            <FileInfo>
               <CustomLabel_Value>BlanketID</CustomLabel_Value>
               <Info_Value>503713</Info_Value>
            </FileInfo>
         </FileInfos>
         <FileDates>
            <FileDate>
               <CustomLabel_Value>Blanketdato</CustomLabel_Value>
               <DateStamp>2019-09-17</DateStamp>
            </FileDate>
         </FileDates>
         <FileContacts>
            <FileContact>
               <CreateIfNone>false</CreateIfNone>
               <CustomLabel_Value>Primærpart</CustomLabel_Value>
               <NameCode>181078-4402</NameCode>
               <NameType_Value>C</NameType_Value>
               <SkmBem/>
               <Note>Part navn.: </Note>
            </FileContact>
            <FileContact>
               <CreateIfNone>false</CreateIfNone>
               <CustomLabel_Value>Afg.myndigh</CustomLabel_Value>
               <NameCode>7</NameCode>
               <NameType_Value>I</NameType_Value>
               <SkmPartafgdato>2018-01-01</SkmPartafgdato>
               <Note>Part afg.dato: 2018-01-01</Note>
            </FileContact>
            <FileContact>
               <CreateIfNone>false</CreateIfNone>
               <CustomLabel_Value>MYND</CustomLabel_Value>
               <NameCode>7</NameCode>
               <NameType_Value>I</NameType_Value>
               <Note>Part afg.dato: 2018-01-01</Note>
            </FileContact>
         </FileContacts>
         <Documents>
            <Document>
               <DokumentRolleBetegnelse>Hoveddok</DokumentRolleBetegnelse>
               <FilIndhold>{FileData}</FilIndhold>
               <FilNavn>Begrundelse for anmodning om genoptagelse til upload.pdf</FilNavn>Genoptagelsesformular<DokumentDato>2019-09-17</DokumentDato>
               <Record>
                  <Source_Value>KLAGEP</Source_Value>
               </Record>
               <RecordDates>
                  <RecordDate>
                     <CustomLabel_Value>Blanketdato</CustomLabel_Value>
                     <DateStamp>2019-09-17</DateStamp>
                  </RecordDate>
               </RecordDates>
            </Document>
            <Document>
               <DokumentRolleBetegnelse>Bilag</DokumentRolleBetegnelse>
               <FilIndhold>{FileData}</FilIndhold>
               <FilNavn>{PdfData.FileName}</FilNavn>
               <Titel>Klageformular</Titel>
               <DokumentDato>2019-09-17</DokumentDato>
               <Record>
                  <Source_Value>KLAGEP</Source_Value>
               </Record>
               <RecordDates>
                  <RecordDate>
                     <CustomLabel_Value>Blanketdato</CustomLabel_Value>
                     <DateStamp>2019-09-17</DateStamp>
                  </RecordDate>
               </RecordDates>
            </Document>
         </Documents>
      </sag>
   </sager>
</workzone>
