<?xml version = '1.0' encoding = 'UTF-8'?>
<workzone xmlns:xref="http://www.oracle.com/XSL/Transform/java/oracle.tip.xref.xpath.XRefXPathFunctionsDT" xmlns:fr="http://orbeon.org/oxf/xml/form-runner" xmlns:xp20="http://www.oracle.com/XSL/Transform/java/oracle.tip.pc.services.functions.Xpath20" xmlns:mhdr="http://www.oracle.com/XSL/Transform/java/oracle.tip.mediator.service.common.functions.MediatorExtnFunction" xmlns:dvm="http://www.oracle.com/XSL/Transform/java/oracle.tip.dvm.LookupValueDT" xmlns:socket="http://www.oracle.com/XSL/Transform/java/oracle.tip.adapter.socket.ProtocolTranslator" xmlns:oraext="http://www.oracle.com/XSL/Transform/java/oracle.tip.pc.services.functions.ExtFunc" xmlns:xsi="http://www.w3.org/2001/XMLSchema-instance" xsi:noNamespaceSchemaLocation="file:/D:/JDeveloper/mywork/Application1/Project1/SOA/Schemas/WorkZone-2017.xsd">
   <PJBehandlingsMetode>opret</PJBehandlingsMetode>
   <sager>
      <sag>
         <File>
            <Authority_Value>75</Authority_Value>
            <CreateUser_Value>CAPWEBSVC_KPSANST</CreateUser_Value>
            <FileClass_Value>20.16.28</FileClass_Value>
            <DefaultRecordClassification_Value>NOTCLASS</DefaultRecordClassification_Value>
            <FileGroup_Value>SSAG</FileGroup_Value>
            <FileType_Value>SAG</FileType_Value>
            <GGEBEL_Value>J</GGEBEL_Value>
            <GGEINDB_Value>0</GGEINDB_Value>
            <GGESTA_Value>BS5</GGESTA_Value>
            <GGESTR_Value>G1</GGESTR_Value>
            <GSAGSSTART_Value>2019-10-22</GSAGSSTART_Value>
            <M1REGDATO_Value/>
            <MMAERKE_Value/>
            <MMODEL_Value/>
            <MSTELNR_Value/>
            <MMVAR_Value/>
            <MDOR_Value/>
            <MUDSTYR_Value/>
            <MUVAR_Value/>
            <MKTYPE_Value/>
            <GTEAM_Value/>
            <GSWBIC_Value/>
            <GIBAN_Value/>
            <State_Value>080I</State_Value>
            <Title>Test af emneord, 121212-1212</Title>
         </File>
         <FileInfos>
            <FileInfo>
               <CustomLabel_Value>Blankettid</CustomLabel_Value>
               <Info_Value>10:00:28</Info_Value>
            </FileInfo>
            <FileInfo>
               <CustomLabel_Value>BlanketID</CustomLabel_Value>
               <Info_Value>504638</Info_Value>
            </FileInfo>
         </FileInfos>
         <FileDates>
            <FileDate>
               <CustomLabel_Value>Blanketdato</CustomLabel_Value>
               <DateStamp>2019-10-22</DateStamp>
            </FileDate>
         </FileDates>
         <FileContacts>
            <FileContact>
               <CreateIfNone>false</CreateIfNone>
               <CustomLabel_Value>Primærpart</CustomLabel_Value>
               <NameCode>121212-1212</NameCode>
               <NameType_Value>C</NameType_Value>
               <SkmBem/>
               <Note>Part navn.: </Note>
            </FileContact>
            <FileContact>
               <CreateIfNone>false</CreateIfNone>
               <CustomLabel_Value>Partsrepr</CustomLabel_Value>
               <NameCode>30808460</NameCode>
               <NameType_Value>J</NameType_Value>
               <SkmAtt>TU GENEREL MOCES M CPR gyldig</SkmAtt>
               <SkmBem>+45 44684468</SkmBem>
            </FileContact>
            <FileContact>
               <CreateIfNone>false</CreateIfNone>
               <CustomLabel_Value>Afg.myndigh</CustomLabel_Value>
               <NameCode>3727</NameCode>
               <NameType_Value>I</NameType_Value>
               <SkmPartafgdato>2019-09-29</SkmPartafgdato>
               <Note>Part afg.dato: 2019-09-29</Note>
            </FileContact>
            <FileContact>
               <CreateIfNone>false</CreateIfNone>
               <CustomLabel_Value>MYND</CustomLabel_Value>
               <NameCode>3727</NameCode>
               <NameType_Value>I</NameType_Value>
               <SkmPartafgdato>2019-09-29</SkmPartafgdato>
               <Note>Part afg.dato: 2019-09-29</Note>
            </FileContact>
         </FileContacts>
         <FileKeywords>
            <FileKeyword>AFGIFT</FileKeyword>
         </FileKeywords>
         <Documents>
            <Document>
               <DokumentRolleBetegnelse>Bilag</DokumentRolleBetegnelse>
               <FilIndhold>{FileData}</FilIndhold>
               <FilNavn>{PdfData.FileName}</FilNavn>
               <Titel>Klageformular</Titel>
               <DokumentDato>2019-10-22</DokumentDato>
               <Record>
                  <Source_Value>KLAGEP</Source_Value>
               </Record>
               <RecordDates>
                  <RecordDate>
                     <CustomLabel_Value>Blanketdato</CustomLabel_Value>
                     <DateStamp>2019-10-22</DateStamp>
                  </RecordDate>
               </RecordDates>
            </Document>
         </Documents>
         <PDF>
            <KlagePDF>
               <DokumentTitel>Klage (begrundelse)</DokumentTitel>
               <DokumentOverskrift>Klagen vedrører et motorkøretøj</DokumentOverskrift>
               <sektioner>
                  <sektionsOverskrift>Kategorisering af sag</sektionsOverskrift>
                  <sektionsIndhold>Fixes senere i mapning</sektionsIndhold>
               </sektioner>
               <sektioner>
                  <sektionsOverskrift>Begrundelse for klagen</sektionsOverskrift>
                  <sektionsIndhold>esdfdsf</sektionsIndhold>
               </sektioner>
               <sektioner>
                  <sektionsOverskrift>Yderligere bemærkninger fra klager</sektionsOverskrift>
                  <sektionsIndhold>dsfds</sektionsIndhold>
               </sektioner>
               <sektioner>
                  <sektionsOverskrift>Vedhæftede bilag</sektionsOverskrift>
                  <sektionsIndhold>Der er indsendt følgende bilag:
    - 
</sektionsIndhold>
               </sektioner>
               <sektioner>
                  <sektionsOverskrift>Oplysninger om indsendelse</sektionsOverskrift>
                  <sektionsIndhold>Indsender af klagen: TU GENEREL MOCES M CPR gyldig, 180260-2810
Dato og tidspunkt for indsendelse:  2019-10-22 kl. 10:00:28
</sektionsIndhold>
               </sektioner>
            </KlagePDF>
         </PDF>
      </sag>
   </sager>
</workzone>
