<?xml version = '1.0' encoding = 'UTF-8'?>
<workzone xmlns:xref="http://www.oracle.com/XSL/Transform/java/oracle.tip.xref.xpath.XRefXPathFunctionsDT" xmlns:fr="http://orbeon.org/oxf/xml/form-runner" xmlns:ns1="http://www.example.org" xmlns:xp20="http://www.oracle.com/XSL/Transform/java/oracle.tip.pc.services.functions.Xpath20" xmlns:mhdr="http://www.oracle.com/XSL/Transform/java/oracle.tip.mediator.service.common.functions.MediatorExtnFunction" xmlns:dvm="http://www.oracle.com/XSL/Transform/java/oracle.tip.dvm.LookupValueDT" xmlns:socket="http://www.oracle.com/XSL/Transform/java/oracle.tip.adapter.socket.ProtocolTranslator" xmlns:oraext="http://www.oracle.com/XSL/Transform/java/oracle.tip.pc.services.functions.ExtFunc" xmlns:xsi="http://www.w3.org/2001/XMLSchema-instance" xsi:noNamespaceSchemaLocation="file:/D:/JDeveloper/mywork/Application1/Project1/SOA/Schemas/WorkZone-2017.xsd">
   <PJBehandlingsMetode>opret</PJBehandlingsMetode>
   <sager>
      <sag>
         <File>
            <Authority_Value>75</Authority_Value>
            <CreateUser_Value>CAPWEBSVC_KPSANST</CreateUser_Value>
            <FileClass_Value>14.00.00</FileClass_Value>
            <DefaultRecordClassification_Value>NOTCLASS</DefaultRecordClassification_Value>
            <FileGroup_Value>SSAG</FileGroup_Value>
            <FileType_Value>SAG</FileType_Value>
            <GGEBEL_Value>J</GGEBEL_Value>
            <GGEINDB_Value>400</GGEINDB_Value>
            <GGESTA_Value>BS1</GGESTA_Value>
            <GGESTR_Value>G1</GGESTR_Value>
            <GSAGSSTART_Value>2019-09-17</GSAGSSTART_Value>
            <GSWBIC_Value/>
            <GIBAN_Value/>
            <State_Value>080I</State_Value>
            <Title>Mikkel Jacobsen, 181078-4402</Title>
         </File>
         <FileInfos>
            <FileInfo>
               <CustomLabel_Value>Blankettid</CustomLabel_Value>
               <Info_Value>09:48:13</Info_Value>
            </FileInfo>
            <FileInfo>
               <CustomLabel_Value>BlanketID</CustomLabel_Value>
               <Info_Value>503603</Info_Value>
            </FileInfo>
            <FileInfo>
               <CustomLabel_Value>TRANS_ID</CustomLabel_Value>
               <Info_Value>2552844919</Info_Value>
            </FileInfo>
         </FileInfos>
         <FileDates>
            <FileDate>
               <CustomLabel_Value>Blanketdato</CustomLabel_Value>
               <DateStamp>2019-09-17</DateStamp>
            </FileDate>
         </FileDates>
         <FileContacts>
            <FileContact>
               <CreateIfNone>false</CreateIfNone>
               <CustomLabel_Value>Primærpart</CustomLabel_Value>
               <NameCode>181078-4402</NameCode>
               <NameType_Value>C</NameType_Value>
               <SkmBem/>
               <Note>Part navn.: </Note>
            </FileContact>
            <FileContact>
               <CreateIfNone>false</CreateIfNone>
               <CustomLabel_Value>Afg.myndigh</CustomLabel_Value>
               <NameCode>3725</NameCode>
               <NameType_Value>I</NameType_Value>
               <SkmPartsagsnr>17-12345</SkmPartsagsnr>
               <SkmPartafgdato>2019-04-19</SkmPartafgdato>
               <Note>Part afg.dato: 2019-04-19</Note>
            </FileContact>
            <FileContact>
               <CreateIfNone>false</CreateIfNone>
               <CustomLabel_Value>MYND</CustomLabel_Value>
               <NameCode>3725</NameCode>
               <NameType_Value>I</NameType_Value>
               <SkmPartsagsnr>17-12345</SkmPartsagsnr>
               <Note>Part afg.dato: 2019-04-19</Note>
            </FileContact>
         </FileContacts>
         <Documents>
            <Document>
               <DokumentRolleBetegnelse>Bilag</DokumentRolleBetegnelse>
               <FilIndhold>{FileData}</FilIndhold>
               <FilNavn>{PdfData.FileName}</FilNavn>
               <Titel>Klageformular</Titel>
               <DokumentDato>2019-09-17</DokumentDato>
               <Record>
                  <Source_Value>KLAGEP</Source_Value>
               </Record>
               <RecordDates>
                  <RecordDate>
                     <CustomLabel_Value>Blanketdato</CustomLabel_Value>
                     <DateStamp>2019-09-17</DateStamp>
                  </RecordDate>
               </RecordDates>
            </Document>
         </Documents>
         <PDF>
            <KlagePDF>
               <DokumentTitel>Klage (begrundelse)</DokumentTitel>
               <DokumentOverskrift/>
               <sektioner>
                  <sektionsOverskrift>Kategorisering af sag</sektionsOverskrift>
                  <sektionsIndhold/>
               </sektioner>
               <sektioner>
                  <sektionsOverskrift>Begrundelse for klagen</sektionsOverskrift>
                  <sektionsIndhold>Jeg ønsker at klage, fordi I ikke har sendt afgørelsen til min adresse i Frankrig. Jeg er i øjeblikket i gang med at fremskaffe dokumentation på dette.</sektionsIndhold>
               </sektioner>
               <sektioner>
                  <sektionsOverskrift>Vedhæftede bilag</sektionsOverskrift>
                  <sektionsIndhold>Der er indsendt følgende bilag:
    - 
</sektionsIndhold>
               </sektioner>
               <sektioner>
                  <sektionsOverskrift>Oplysninger om indsendelse</sektionsOverskrift>
                  <sektionsIndhold>Indsender af klagen: Mikkel Jacobsen, 181078-4402Dato og tidspunkt for indsendelse:  2019-09-17 kl. 09:48:13</sektionsIndhold>
               </sektioner>
            </KlagePDF>
         </PDF>
      </sag>
   </sager>
</workzone>
