<?xml version = '1.0' encoding = 'UTF-8'?>
<workzone xmlns:xref="http://www.oracle.com/XSL/Transform/java/oracle.tip.xref.xpath.XRefXPathFunctionsDT" xmlns:fr="http://orbeon.org/oxf/xml/form-runner" xmlns:ns1="http://www.example.org" xmlns:xp20="http://www.oracle.com/XSL/Transform/java/oracle.tip.pc.services.functions.Xpath20" xmlns:mhdr="http://www.oracle.com/XSL/Transform/java/oracle.tip.mediator.service.common.functions.MediatorExtnFunction" xmlns:dvm="http://www.oracle.com/XSL/Transform/java/oracle.tip.dvm.LookupValueDT" xmlns:socket="http://www.oracle.com/XSL/Transform/java/oracle.tip.adapter.socket.ProtocolTranslator" xmlns:oraext="http://www.oracle.com/XSL/Transform/java/oracle.tip.pc.services.functions.ExtFunc" xmlns:xsi="http://www.w3.org/2001/XMLSchema-instance" xsi:noNamespaceSchemaLocation="file:/D:/JDeveloper/mywork/Application1/Project1/SOA/Schemas/WorkZone-2017.xsd">
   <PJBehandlingsMetode>opdater</PJBehandlingsMetode>
   <sager>
      <sag>
         <FileNo>19-0000390</FileNo>
         <File>
            <CreateUser_Value>CAPWEBSVC_KPSANST</CreateUser_Value>
         </File>
         <FileInfos>
            <FileInfo>
               <CustomLabel_Value>Blankettid</CustomLabel_Value>
               <Info_Value>12:48:07</Info_Value>
            </FileInfo>
            <FileInfo>
               <CustomLabel_Value>BlanketID</CustomLabel_Value>
               <Info_Value>504437</Info_Value>
            </FileInfo>
         </FileInfos>
         <RecordContacts>
            <RecordContact>
               <CreateIfNone>false</CreateIfNone>
               <CustomLabel_Value>Afsender</CustomLabel_Value>
               <NameCode>30808460</NameCode>
               <NameType_Value>J</NameType_Value>
            </RecordContact>
         </RecordContacts>
         <Documents>
            <Document>
               <DokumentRolleBetegnelse>Bilag</DokumentRolleBetegnelse>
               <FilIndhold/>
               <FilNavn/>
               <Titel/>
               <DokumentDato>2019-10-15</DokumentDato>
               <Record>
                  <Source_Value>KLAGEP</Source_Value>
               </Record>
               <RecordDates>
                  <RecordDate>
                     <CustomLabel_Value>Blanketdato</CustomLabel_Value>
                     <DateStamp>2019-10-15</DateStamp>
                  </RecordDate>
               </RecordDates>
            </Document>
            <Document>
               <DokumentRolleBetegnelse>Bilag</DokumentRolleBetegnelse>
               <FilIndhold>{FileData}</FilIndhold>
               <FilNavn>{PdfData.FileName}</FilNavn>
               <Titel>Dokumenttiløjelsesformular</Titel>
               <DokumentDato>2019-10-15</DokumentDato>
               <Record>
                  <Source_Value>KLAGEP</Source_Value>
               </Record>
               <RecordDates>
                  <RecordDate>
                     <CustomLabel_Value>Blanketdato</CustomLabel_Value>
                     <DateStamp>2019-10-15</DateStamp>
                  </RecordDate>
               </RecordDates>
            </Document>
         </Documents>
         <PDF>
            <KlagePDF>
               <DokumentTitel>Tilbagekaldelse</DokumentTitel>
               <DokumentOverskrift>Bemærkning til sag</DokumentOverskrift>
               <sektioner>
                  <sektionsOverskrift>Identifikation af sag</sektionsOverskrift>
                  <sektionsIndhold>Sagsnummer: 19-0000390</sektionsIndhold>
               </sektioner>
               <sektioner>
                  <sektionsOverskrift>Bemærkninger</sektionsOverskrift>
                  <sektionsIndhold>dfdfdfd
</sektionsIndhold>
               </sektioner>
               <sektioner>
                  <sektionsOverskrift>Vedlagte bilag</sektionsOverskrift>
                  <sektionsIndhold>Der er ikke indsendt bilag.
</sektionsIndhold>
               </sektioner>
               <sektioner>
                  <sektionsOverskrift>Oplysninger om indsendelse</sektionsOverskrift>
                  <sektionsIndhold>Indsender af klagen: TU GENEREL MOCES M CPR gyldig
Dato og tidspunkt for indsendelse:  2019-10-15 kl. 12:48:07
</sektionsIndhold>
               </sektioner>
            </KlagePDF>
         </PDF>
      </sag>
   </sager>
</workzone>
