<?xml version="1.0" encoding="UTF-8"?>
<ReceiveBlanketData xmlns="http://tempuri.org/">
  <BlanketType>NY_BLANKET</BlanketType>
  <midlertidigtLagerBlanketId>fa38f9f1-0739-42fe-b9a9-7943e9df798b</midlertidigtLagerBlanketId>
  <XmlData>
<form xmlns:fr="http://orbeon.org/oxf/xml/form-runner" fr:data-format-version="4.0.0">
  <section-klagen-vedroerer fr:section-status="">
    <section-1>
      <iudenlandsk-adresse>nej</iudenlandsk-adresse>
      <control-158 fr:relevant="false"></control-158>
      <iadresse fr:relevant="false"></iadresse>
      <iadresse2 fr:relevant="false"></iadresse2>
      <ipostnummer fr:relevant="false"></ipostnummer>
      <iby fr:relevant="false"></iby>
      <iomraade fr:relevant="false"></iomraade>
      <iland fr:relevant="false"></iland>
      <logintype>borger</logintype>
      <icpr>181078-4402</icpr>
      <inavn>Mikkel Jacobsen</inavn>
      <ibtelefon></ibtelefon>
      <icvr fr:relevant="false"></icvr>
      <ivirksomhed fr:relevant="false"></ivirksomhed>
      <indsender fr:relevant="false">Mikkel Jacobsen</indsender>
      <control-191></control-191>
    </section-1>
    <section-189 fr:relevant="false">
      <kontaktperson></kontaktperson>
      <control-211></control-211>
      <control-4></control-4>
      <ikontaktperson></ikontaktperson>
      <itelefon></itelefon>
      <ivtelefon></ivtelefon>
      <cvr-register-nummer></cvr-register-nummer>
    </section-189>
    <section-klager>
      <control-193 fr:relevant="false"></control-193>
      <bbov>dig-selv</bbov>
      <bfuldmagt>nej</bfuldmagt>
      <vbov fr:relevant="false"></vbov>
      <vfuldmagt>nej</vfuldmagt>
      <kreference fr:relevant="false"></kreference>
      <filfuldmagt filename="" mediatype="" size="" fr:relevant="false"></filfuldmagt>
      <control-3 fr:relevant="false"></control-3>
      <section-hvem-klager-du-paa-vegne-af fr:relevant="false">
        <knavn></knavn>
        <ktelefonnummer></ktelefonnummer>
        <kcpr></kcpr>
        <kontrol-borgeren-har-ikke-cpr-nummer>false</kontrol-borgeren-har-ikke-cpr-nummer>
        <kudenlandsk-adresse>nej</kudenlandsk-adresse>
      </section-hvem-klager-du-paa-vegne-af>
      <section-anden-virksomhed fr:relevant="false">
        <control-195></control-195>
        <kcvr></kcvr>
        <kvirksomhed></kvirksomhed>
      </section-anden-virksomhed>
      <section-udenlandsk-virksomhed fr:relevant="false">
        <control-197></control-197>
        <kuvirksomhed></kuvirksomhed>
        <kubtelefonnummer></kubtelefonnummer>
      </section-udenlandsk-virksomhed>
      <section-udenlandsk-borger fr:relevant="false">
        <control-196></control-196>
        <kunavn></kunavn>
        <kuvtelefonnummer></kuvtelefonnummer>
      </section-udenlandsk-borger>
      <kkontakt fr:relevant="false"></kkontakt>
      <section-klagers-udenlandske-adr fr:relevant="false">
        <kuadresse></kuadresse>
        <kuadresse2></kuadresse2>
        <kupostnummer></kupostnummer>
        <kuby></kuby>
        <kuland></kuland>
        <kuomraade></kuomraade>
        <control-202></control-202>
        <kswift></kswift>
        <kiban></kiban>
      </section-klagers-udenlandske-adr>
    </section-klager>
  </section-klagen-vedroerer>
  <section-klagen-omhandler fr:section-status="changed">
    <control-201></control-201>
    <overordnet-emne>andet</overordnet-emne>
    <oso></oso>
    <skatp fr:relevant="false"></skatp>
    <skats fr:relevant="false"></skats>
    <skate fr:relevant="false"></skate>
    <moms fr:relevant="false"></moms>
    <koretojer fr:relevant="false"></koretojer>
    <aarsomvurdering2019 fr:relevant="false"></aarsomvurdering2019>
    <control-1></control-1>
    <ejendom fr:relevant="false"></ejendom>
    <underemne-andet fr:relevant="false"></underemne-andet>
    <skatp_sagsgruppe></skatp_sagsgruppe>
    <skats_sagsgruppe></skats_sagsgruppe>
    <skate_sagsgruppe></skate_sagsgruppe>
    <moms_sagsgruppe></moms_sagsgruppe>
    <koretojer_sagsgruppe></koretojer_sagsgruppe>
    <ejendom_sagsgruppe>74.00.00</ejendom_sagsgruppe>
    <andet_sagsgruppe></andet_sagsgruppe>
    <underemne>74.00.00</underemne>
    <fagsoejle></fagsoejle>
    <fagsoejle-kode></fagsoejle-kode>
    <mener-det-omhandler fr:relevant="false"></mener-det-omhandler>
    <control-84 fr:relevant="false"></control-84>
    <flere-koretojer fr:relevant="false">et</flere-koretojer>
    <stelnummer fr:relevant="false"></stelnummer>
    <regnummer fr:relevant="false"></regnummer>
    <model fr:relevant="false"></model>
    <maerke fr:relevant="false"></maerke>
    <koeretoejstype fr:relevant="false"></koeretoejstype>
    <indregistreringsdato fr:relevant="false"></indregistreringsdato>
    <control-205 fr:relevant="false"></control-205>
    <rep-biler>
      <indeks>Køretøj 1</indeks>
      <stel></stel>
      <reg></reg>
      <model_flere></model_flere>
      <maerke_flere></maerke_flere>
      <koeretoejstype_flere></koeretoejstype_flere>
      <indregistreringsdato_flere></indregistreringsdato_flere>
    </rep-biler>
    <control-203 fr:relevant="false"></control-203>
    <flere-ejendomme fr:relevant="false">en</flere-ejendomme>
    <control-206 fr:relevant="false"></control-206>
    <rep-ejendomme>
      <indeks-e>Ejendom 1</indeks-e>
      <kkode></kkode>
      <enummer></enummer>
      <eadresse></eadresse>
      <eadresse2></eadresse2>
      <epostnummer></epostnummer>
      <eby></eby>
    </rep-ejendomme>
    <section-180>
      <antal>1</antal>
      <enhedspris>400</enhedspris>
      <pris>400</pris>
      <dibs-pris>400</dibs-pris>
      <varetekst fr:relevant="false">Klagegebyr</varetekst>
    </section-180>
  </section-klagen-omhandler>
  <section-3 fr:section-status="changed">
    <control-6></control-6>
    <kommunekode>461</kommunekode>
    <ejendomsnummer>348815</ejendomsnummer>
    <ejendomsaddresse>Siøvænget 010</ejendomsaddresse>
    <ejendomsadresse2></ejendomsadresse2>
    <postnummer>5000</postnummer>
    <by>Odense C</by>
    <Skjult-felt-til-postnummeropslag>1</Skjult-felt-til-postnummeropslag>
  </section-3>
  <section-begrundelse fr:section-status="changed">
    <control-2></control-2>
    <hvordan-sende>skrive-direkte</hvordan-sende>
    <section-skrive-begrundelse>
      <begrundelse-for-klage>fdgds gf gh dsfh gdf gd gds</begrundelse-for-klage>
      <andetviboervide>gfd reg df gds gf</andetviboervide>
      <oensker-du-yderlig-dok>nej</oensker-du-yderlig-dok>
    </section-skrive-begrundelse>
    <section-vedhaeft-begrundelse fr:relevant="false">
      <filklage filename="Test1.pdf" mediatype="application/pdf" size="96937">/fr/service/persistence/crud/nem_v/10_7cac686b57814bfade79dedfa0095168b369c707/data/24cb9a7fae6a257d09b97ac99932790bae644005/cb5fe810785d832d27345cd2141f1072b6a020b6.bin</filklage>
      <control-9></control-9>
      <oensker-du-yderlig-dok2>nej</oensker-du-yderlig-dok2>
    </section-vedhaeft-begrundelse>
    <section-yderlig-dokumentation fr:relevant="false">
      <grid-49>
        <fildata filename="" mediatype="" size=""></fildata>
        <filnavn></filnavn>
        <control-11></control-11>
      </grid-49>
    </section-yderlig-dokumentation>
  </section-begrundelse>
  <section-afgoerelsen-oplysninger fr:section-status="changed">
    <adato>2019-09-25</adato>
    <control-90 fr:relevant="false"></control-90>
    <klf_aarsom fr:relevant="false"></klf_aarsom>
    <ofristbegundelse fr:relevant="false"></ofristbegundelse>
    <amyndighed>vurderingsstyrelsen</amyndighed>
    <asagsnummer></asagsnummer>
    <section-2>
      <control-5></control-5>
      <filafg filename="" mediatype="" size=""></filafg>
      <control-10 fr:relevant="false"></control-10>
      <maks-filstoerrelse>7340032</maks-filstoerrelse>
      <maks-samlet-filstoerrelse>100000000</maks-samlet-filstoerrelse>
      <samlet-filstoerrelse>96937</samlet-filstoerrelse>
    </section-2>
  </section-afgoerelsen-oplysninger>
  <section-181 fr:relevant="false">
    <control-181></control-181>
    <control-185></control-185>
    <control-183>Klagegebyr</control-183>
    <control-184>400</control-184>
  </section-181>
  <section-betaling fr:section-status="">
    <control-betaling-infotekst></control-betaling-infotekst>
    <control-betaling-tekst>Klagegebyr</control-betaling-tekst>
    <control-betaling-pris>400</control-betaling-pris>
    <section-betaling-oplysninger>
      <control-betaling-navn>Mikkel Jacobsen</control-betaling-navn>
      <control-betaling-email></control-betaling-email>
    </section-betaling-oplysninger>
  </section-betaling>
  <section-175 fr:relevant="false">
    <control-8></control-8>
    <senere-betaling>nej</senere-betaling>
    <konsekvens-betale-senere></konsekvens-betale-senere>
    <jeg-forstaa-konsekvens-betale-senere></jeg-forstaa-konsekvens-betale-senere>
  </section-175>
  <section-bekraeftelse fr:section-status="changed">
    <control-88></control-88>
    <jeg-forstaa>one</jeg-forstaa>
    <control-161 fr:relevant="false"></control-161>
    <jeg-forstaa-uden-betaling fr:relevant="false"></jeg-forstaa-uden-betaling>
    <control-179 fr:relevant="false"></control-179>
    <control-177 fr:relevant="false"></control-177>
    <section-188>
      <control-188>one</control-188>
      <control-186 fr:relevant="false"></control-186>
    </section-188>
    <mapning>
      <primaerpart>
        <ppatype>C</ppatype>
        <ppakode>181078-4402</ppakode>
        <ppnavn>Mikkel Jacobsen</ppnavn>
        <ppatt></ppatt>
        <ppsnr></ppsnr>
        <pptelefon></pptelefon>
      </primaerpart>
      <partsrep>
        <pratype></pratype>
        <prakode></prakode>
        <prnavn></prnavn>
        <pratt></pratt>
        <prtelefon></prtelefon>
      </partsrep>
      <sagsomraade>
        <sagsgruppe>74.00.00</sagsgruppe>
        <organisatorisk-enhed-niveau-2></organisatorisk-enhed-niveau-2>
        <sagsart>ESAG</sagsart>
        <laeseadgang>6_MOTOR&amp;75</laeseadgang>
        <er-koretojer-valgt>false</er-koretojer-valgt>
        <er-ejendom-valgt>false</er-ejendom-valgt>
      </sagsomraade>
      <afgmyn>
        <afgakode>3726</afgakode>
        <afgnavn>vurderingsstyrelsen</afgnavn>
        <afgsnr></afgsnr>
        <afgdato>2019-09-25</afgdato>
      </afgmyn>
      <naevn>
        <nakode>109</nakode>
        <nnavn>Skatteankestyrelsen</nnavn>
      </naevn>
      <andet>
        <betalingsdato>2019-10-14+02:00</betalingsdato>
        <erudenlandsk>false</erudenlandsk>
      </andet>
      <section-171>
        <betaling-status>betalt</betaling-status>
        <gebyrbelagt>ja</gebyrbelagt>
        <betalt>BS1</betalt>
        <gebyrstorrelse>G1</gebyrstorrelse>
        <control-7></control-7>
      </section-171>
      <section-pdfdata>
        <titel-paa-pdf>Klagen vedrører ejendomsvurdering</titel-paa-pdf>
        <sagsemne>Fixes senere i mapningen</sagsemne>
      </section-pdfdata>
    </mapning>
  </section-bekraeftelse>
  <section-receipt fr:relevant="false">
    <receipt-text>Inden for ca. en uge sender vi en bekræftelse af, at vi har modtaget din klage. Samtidig oplyser vi dig om dit sagsnummer, og om hvornår du kan forvente at modtage en afgørelse. Vi sender bekræftelsen til dig med Digital Post.</receipt-text>
    <add-to-case-link>https://blanketpreprod.virk.dk/blanketstaging/orbeon/fr/public_v/10_cdef55d4d619fad13151984eab8358c403038da5/new</add-to-case-link>
    <has-paied-fee>Ja</has-paied-fee>
    <new-complaint-link>https://blanketpreprod.virk.dk/blanketstaging/orbeon/fr/nem_v/10_7cac686b57814bfade79dedfa0095168b369c707/new</new-complaint-link>
    <receipt-pre-blanketid-text>Vi anbefaler, at du gemmer dit blanket ID, som er</receipt-pre-blanketid-text>
    <receipt-post-blanketid-text>. Med blanket ID’et kan vi identificere din sag, indtil du modtager dit sagsnummer.</receipt-post-blanketid-text>
    <section-receipt-payment>
      <receipt-payment-title></receipt-payment-title>
      <receipt-payment-visibility>none</receipt-payment-visibility>
      <receipt-payment-text></receipt-payment-text>
      <receipt-payment-intro></receipt-payment-intro>
    </section-receipt-payment>
  </section-receipt>
  <metadata>
    <formmetadata>
      <formdata name="mappingfil" value="EJENDOMSFORMULAR"></formdata>
    </formmetadata>
    <kvitteringsid id="feltkvitteringsblanket" name="feltkvitteringsblanket">14564</kvitteringsid>
    <indsendtblanketmetadata>
      <indsendtblanket>
        <document_id value="24cb9a7fae6a257d09b97ac99932790bae644005"></document_id>
        <indsendt_blanket_navn value="Ejendomsformular-light"></indsendt_blanket_navn>
        <indsendt_blanket_id value="504369"></indsendt_blanket_id>
        <document_date value="2019-10-14"></document_date>
        <document_time value="14:19:21"></document_time>
        <ip value="for=185.151.193.20, host=blanketpreprod.virk.dk"></ip>
      </indsendtblanket>
    </indsendtblanketmetadata>
    <betalingmetadata>
      <betaling>
        <ordreid value="BLAN-PP-STAG-504369"></ordreid>
        <transaktionsid value="2576401292"></transaktionsid>
      </betaling>
    </betalingmetadata>
  </metadata>
</form>
  </XmlData>
  <PdfData>
    <FileData>{FileData}</FileData>
    <FileName>{PdfData.FileName}</FileName>
  </PdfData>
  <Vedhaeftninger>
    <FileData>{FileData:Test1.pdf}</FileData>
    <FileName>Test1.pdf</FileName>
  </Vedhaeftninger>
</ReceiveBlanketData>