<?xml version="1.0" encoding="UTF-8"?>
<ReceiveBlanketData xmlns="http://tempuri.org/">
  <BlanketType>NY_BLANKET</BlanketType>
  <midlertidigtLagerBlanketId>fa38f9f1-0739-42fe-b9a9-7943e9df798b</midlertidigtLagerBlanketId>
  <XmlData>
<form xmlns:fr="http://orbeon.org/oxf/xml/form-runner" fr:data-format-version="4.0.0">
  <section-klagen-vedroerer fr:section-status="changed">
    <control-73></control-73>
    <section-72>
      <control-6></control-6>
      <icpr>111111-2222</icpr>
      <inavn>Mikkel Jacobsen</inavn>
      <icvr fr:relevant="false"></icvr>
      <ivirksomhed fr:relevant="false"></ivirksomhed>
      <indsender fr:relevant="false">Mikkel Jacobsen</indsender>
      <vfuldmagt fr:relevant="false">nej</vfuldmagt>
      <bfuldmagt>nej</bfuldmagt>
      <control-66 fr:relevant="false"></control-66>
      <filfuldmagt filename="" mediatype="" size="" fr:relevant="false"></filfuldmagt>
      <control-110 fr:relevant="false"></control-110>
    </section-72>
    <section-54>
      <control-74></control-74>
      <afgmyndighed>et-motorankenævn,-skatteankenævn-eller-vurderingsankenævn</afgmyndighed>
      <Anden_myndighed_info fr:relevant="false"></Anden_myndighed_info>
      <control-111></control-111>
      <sagsnummer>16-1256986</sagsnummer>
      <not-sagsnummer>false</not-sagsnummer>
      <control-113 fr:relevant="false"></control-113>
      <klageinfo-hvem fr:relevant="false"></klageinfo-hvem>
      <klageinfo-hvad fr:relevant="false"></klageinfo-hvad>
      <aktindsigt>nej</aktindsigt>
    </section-54>
    <section-64>
      <pris>400</pris>
      <dibs-pris>400</dibs-pris>
      <varetekst>Anmodning om genoptagelse af klage</varetekst>
    </section-64>
  </section-klagen-vedroerer>
  <section-dokumenter fr:section-status="changed">
    <control-112></control-112>
    <begrundelseforgenoptagelse>vedhæfte-begrundelsen-som-dokument</begrundelseforgenoptagelse>
    <begrundelse-for-genoptagelse fr:relevant="false"></begrundelse-for-genoptagelse>
    <filanmodning filename="Begrundelse for anmodning om genoptagelse til upload.pdf" mediatype="application/pdf" size="113571">/fr/service/persistence/crud/nem_v/10_555ae38f69347f2999393f976a8ca21303cdd07a/data/4e812957d1eb6417308bde07880acbbc78580b77/c43181fa43087caa64c6dea048baa60d710ec6f1.bin</filanmodning>
    <control-109></control-109>
    <yderligeredokumentation>nej</yderligeredokumentation>
    <grid-yderligere-vedhaeftninger>
      <fildata filename="" mediatype="" size=""></fildata>
      <filnavn></filnavn>
    </grid-yderligere-vedhaeftninger>
    <maks-filstoerrelse>7340032</maks-filstoerrelse>
    <maks-samlet-filstoerrelse>100000000</maks-samlet-filstoerrelse>
    <samlet-filstoerrelse>0</samlet-filstoerrelse>
  </section-dokumenter>
  <section-65 fr:relevant="false">
    <control-67></control-67>
    <control-71></control-71>
    <control-69>Anmodning om genoptagelse af klage</control-69>
    <control-70>400</control-70>
  </section-65>
  <section-betaling fr:section-status="">
    <control-betaling-infotekst></control-betaling-infotekst>
    <control-betaling-tekst>Anmodning om genoptagelse af klage</control-betaling-tekst>
    <control-betaling-pris>400</control-betaling-pris>
    <section-betaling-oplysninger>
      <control-betaling-navn>Mikkel Jacobsen</control-betaling-navn>
      <control-betaling-email></control-betaling-email>
    </section-betaling-oplysninger>
  </section-betaling>
  <section-175 fr:relevant="false">
    <control-1></control-1>
    <senere-betaling>nej</senere-betaling>
    <konsekvens-betale-senere></konsekvens-betale-senere>
    <jeg-forstaa-konsekvens-betale-senere></jeg-forstaa-konsekvens-betale-senere>
  </section-175>
  <section-bekraeftelse fr:section-status="changed">
    <control-88></control-88>
    <jeg-forstaa>one</jeg-forstaa>
    <control-161 fr:relevant="false"></control-161>
    <jeg-forstaa-uden-betaling fr:relevant="false"></jeg-forstaa-uden-betaling>
    <control-179 fr:relevant="false"></control-179>
    <control-177 fr:relevant="false"></control-177>
    <mapning>
      <primaerpart>
        <ppatype>C</ppatype>
        <ppakode>181078-4402</ppakode>
        <ppnavn>Mikkel Jacobsen</ppnavn>
        <ppatt></ppatt>
        <ppsnr></ppsnr>
        <pptelefon></pptelefon>
      </primaerpart>
      <partsrep>
        <pratype></pratype>
        <prakode></prakode>
        <prnavn></prnavn>
        <pratt></pratt>
        <prtelefon></prtelefon>
      </partsrep>
      <sagsomraade>
        <sagsgruppe>SJ-TEMP</sagsgruppe>
        <organisatorisk-enhed-niveau-2>1160</organisatorisk-enhed-niveau-2>
        <sagsart></sagsart>
        <laeseadgang></laeseadgang>
        <er-koretojer-valgt>false</er-koretojer-valgt>
        <er-ejendom-valgt>false</er-ejendom-valgt>
      </sagsomraade>
      <afgmyn>
        <afgakode>7</afgakode>
        <afgnavn>skat</afgnavn>
        <afgsnr></afgsnr>
        <afgdato>2018-01-01</afgdato>
      </afgmyn>
      <naevn>
        <nakode>109</nakode>
        <nnavn>Skatteankestyrelsen</nnavn>
      </naevn>
      <andet>
        <betalingsdato>2019-09-17+02:00</betalingsdato>
        <erudenlandsk>false</erudenlandsk>
        <logintype>borger</logintype>
      </andet>
      <section-171>
        <betaling-status>betalt</betaling-status>
        <gebyrbelagt>ja</gebyrbelagt>
        <betalt>BS1</betalt>
      </section-171>
    </mapning>
  </section-bekraeftelse>
  <metadata>
    <formmetadata>
      <formdata name="mappingfil" value="GENOPTAGELSE"></formdata>
    </formmetadata>
    <kvitteringsid id="feltkvitteringsblanket" name="feltkvitteringsblanket">13317</kvitteringsid>
    <indsendtblanketmetadata>
      <indsendtblanket>
        <document_id value="4e812957d1eb6417308bde07880acbbc78580b77"></document_id>
        <indsendt_blanket_navn value="genoptagelse-v2"></indsendt_blanket_navn>
        <indsendt_blanket_id value="503713"></indsendt_blanket_id>
        <document_date value="2019-09-17"></document_date>
        <document_time value="20:01:31"></document_time>
        <ip value="for=192.136.74.61, host=blanketpreprod.virk.dk"></ip>
      </indsendtblanket>
    </indsendtblanketmetadata>
    <betalingmetadata>
      <betaling>
        <ordreid value="BLAN-PP-STAG-503713"></ordreid>
        <transaktionsid value="2553225552"></transaktionsid>
      </betaling>
    </betalingmetadata>
  </metadata>
</form>
  </XmlData>
  <PdfData>
    <FileData>{FileData}</FileData>
    <FileName>{PdfData.FileName}</FileName>
  </PdfData>
  <Vedhaeftninger>
    <FileData>{FileData}</FileData>
    <FileName>Begrundelse for anmodning om genoptagelse til upload.pdf</FileName>
  </Vedhaeftninger>
</ReceiveBlanketData>