<?xml version="1.0" encoding="UTF-8"?>
<ReceiveBlanketData xmlns="http://tempuri.org/">
  <BlanketType>NY_BLANKET</BlanketType>
  <midlertidigtLagerBlanketId>fa38f9f1-0739-42fe-b9a9-7943e9df798b</midlertidigtLagerBlanketId>
  <XmlData>
    <form xmlns:fr="http://orbeon.org/oxf/xml/form-runner" fr:data-format-version="4.0.0">
      <section-klagen-vedroerer fr:section-status="changed">
        <control-73></control-73>
        <section-72>
          <control-6></control-6>
          <icpr fr:relevant="false"></icpr>
          <inavn fr:relevant="false">TU GENEREL MOCES gyldig</inavn>
          <icvr>30808460</icvr>
          <ivirksomhed>NETS DANID A/S</ivirksomhed>
          <indsender>TU GENEREL MOCES gyldig</indsender>
          <vfuldmagt>ja</vfuldmagt>
          <bfuldmagt fr:relevant="false">nej</bfuldmagt>
          <control-66 fr:relevant="false"></control-66>
          <filfuldmagt filename="" mediatype="" size="" fr:relevant="false"></filfuldmagt>
          <control-110 fr:relevant="false"></control-110>
        </section-72>
        <section-54>
          <control-74></control-74>
          <afgmyndighed>landskatteretten</afgmyndighed>
          <Anden_myndighed_info fr:relevant="false"></Anden_myndighed_info>
          <control-111></control-111>
          <sagsnummer>18-0000275</sagsnummer>
          <not-sagsnummer>false</not-sagsnummer>
          <control-113 fr:relevant="false"></control-113>
          <klageinfo-hvem fr:relevant="false"></klageinfo-hvem>
          <klageinfo-hvad fr:relevant="false"></klageinfo-hvad>
          <aktindsigt>nej</aktindsigt>
        </section-54>
        <section-64>
          <pris>400</pris>
          <dibs-pris>0</dibs-pris>
          <varetekst>Anmodning om genoptagelse af klage</varetekst>
        </section-64>
      </section-klagen-vedroerer>
      <section-dokumenter fr:section-status="changed">
        <control-112></control-112>
        <begrundelseforgenoptagelse>skrive-begrundelsen-direkte-i-kommentarfeltet</begrundelseforgenoptagelse>
        <begrundelse-for-genoptagelse>dsfsdfsdf</begrundelse-for-genoptagelse>
        <filanmodning filename="" mediatype="" size="" fr:relevant="false"></filanmodning>
        <control-109 fr:relevant="false"></control-109>
        <yderligeredokumentation>nej</yderligeredokumentation>
        <grid-yderligere-vedhaeftninger>
          <fildata filename="" mediatype="" size=""></fildata>
          <filnavn></filnavn>
        </grid-yderligere-vedhaeftninger>
        <maks-filstoerrelse>7340032</maks-filstoerrelse>
        <maks-samlet-filstoerrelse>100000000</maks-samlet-filstoerrelse>
        <samlet-filstoerrelse>0</samlet-filstoerrelse>
      </section-dokumenter>
      <section-65>
        <control-67></control-67>
        <control-71></control-71>
        <control-69>Anmodning om genoptagelse af klage</control-69>
        <control-70>400</control-70>
      </section-65>
      <section-betaling fr:section-status="" fr:relevant="false">
        <control-betaling-infotekst></control-betaling-infotekst>
        <control-betaling-tekst>Anmodning om genoptagelse af klage</control-betaling-tekst>
        <control-betaling-pris>0</control-betaling-pris>
        <section-betaling-oplysninger>
          <control-betaling-navn>TU GENEREL MOCES gyldig</control-betaling-navn>
          <control-betaling-email>tu-support@danid.dk</control-betaling-email>
        </section-betaling-oplysninger>
      </section-betaling>
      <section-175 fr:section-status="changed">
        <control-1></control-1>
        <senere-betaling>ja</senere-betaling>
        <konsekvens-betale-senere></konsekvens-betale-senere>
        <jeg-forstaa-konsekvens-betale-senere>ja</jeg-forstaa-konsekvens-betale-senere>
      </section-175>
      <section-bekraeftelse fr:section-status="changed">
        <control-88 fr:relevant="false"></control-88>
        <jeg-forstaa fr:relevant="false"></jeg-forstaa>
        <control-161 fr:relevant="false"></control-161>
        <jeg-forstaa-uden-betaling fr:relevant="false"></jeg-forstaa-uden-betaling>
        <control-179></control-179>
        <control-177>ja</control-177>
        <mapning>
          <primaerpart>
            <ppatype>J</ppatype>
            <ppakode>30808460</ppakode>
            <ppnavn>NETS DANID A/S</ppnavn>
            <ppatt>TU GENEREL MOCES gyldig</ppatt>
            <ppsnr></ppsnr>
            <pptelefon></pptelefon>
          </primaerpart>
          <partsrep>
            <pratype></pratype>
            <prakode></prakode>
            <prnavn></prnavn>
            <pratt></pratt>
            <prtelefon></prtelefon>
          </partsrep>
          <sagsomraade>
            <sagsgruppe>SJ-TEMP</sagsgruppe>
            <organisatorisk-enhed-niveau-2>1160</organisatorisk-enhed-niveau-2>
            <sagsart></sagsart>
            <laeseadgang></laeseadgang>
            <er-koretojer-valgt>false</er-koretojer-valgt>
            <er-ejendom-valgt>false</er-ejendom-valgt>
          </sagsomraade>
          <afgmyn>
            <afgakode>7</afgakode>
            <afgnavn>skat</afgnavn>
            <afgsnr></afgsnr>
            <afgdato>2018-01-01</afgdato>
          </afgmyn>
          <naevn>
            <nakode>109</nakode>
            <nnavn>Skatteankestyrelsen</nnavn>
          </naevn>
          <andet>
            <betalingsdato>2019-09-10+02:00</betalingsdato>
            <erudenlandsk>true</erudenlandsk>
            <logintype>virksomhed</logintype>
          </andet>
          <section-171>
            <betaling-status>senere-betaling</betaling-status>
            <gebyrbelagt>ja</gebyrbelagt>
            <betalt>BS5</betalt>
          </section-171>
        </mapning>
      </section-bekraeftelse>
      <metadata>
        <formmetadata>
          <formdata name="mappingfil" value="GENOPTAGELSE"></formdata>
        </formmetadata>
        <kvitteringsid id="feltkvitteringsblanket" name="feltkvitteringsblanket">12845</kvitteringsid>
        <indsendtblanketmetadata>
          <indsendtblanket>
            <document_id value="721a0fe71f5c0711cd5fcbf919ce5a7f4b2cac77"></document_id>
            <indsendt_blanket_navn value="genoptagelse-v2"></indsendt_blanket_navn>
            <indsendt_blanket_id value="503461"></indsendt_blanket_id>
            <document_date value="2019-09-10"></document_date>
            <document_time value="11:25:48"></document_time>
            <ip value="for=185.151.193.22, host=blanketpreprod.virk.dk"></ip>
          </indsendtblanket>
        </indsendtblanketmetadata>
      </metadata>
    </form>
  </XmlData>
  <PdfData>
    <FileData>{FileData}</FileData>
    <FileName>{PdfData.FileName}</FileName>
  </PdfData>
  <Vedhaeftninger>
    <FileData>{FileData}</FileData>
    <FileName>{PdfData.FileName}</FileName>
  </Vedhaeftninger>
</ReceiveBlanketData>