<?xml version="1.0" encoding="UTF-8"?>
<ReceiveBlanketData xmlns="http://tempuri.org/">
  <BlanketType>NY_BLANKET</BlanketType>
  <midlertidigtLagerBlanketId>fa38f9f1-0739-42fe-b9a9-7943e9df798b</midlertidigtLagerBlanketId>
  <XmlData>
    <form xmlns:fr="http://orbeon.org/oxf/xml/form-runner" fr:data-format-version="4.0.0">
      <section-klagen-vedroerer fr:section-status="changed">
        <section-1>
          <iudenlandsk-adresse fr:relevant="false">nej</iudenlandsk-adresse>
          <control-158 fr:relevant="false"></control-158>
          <iadresse fr:relevant="false"></iadresse>
          <iadresse2 fr:relevant="false"></iadresse2>
          <ipostnummer fr:relevant="false"></ipostnummer>
          <iby fr:relevant="false"></iby>
          <iomraade fr:relevant="false"></iomraade>
          <iland fr:relevant="false"></iland>
          <logintype>virksomhed</logintype>
          <icpr fr:relevant="false">180260-2810</icpr>
          <inavn fr:relevant="false">TU GENEREL MOCES M CPR gyldig</inavn>
          <ibtelefon fr:relevant="false"></ibtelefon>
          <icvr>30808460</icvr>
          <ivirksomhed>NETS DANID A/S</ivirksomhed>
          <indsender>TU GENEREL MOCES M CPR gyldig</indsender>
          <control-191></control-191>
        </section-1>
        <section-189>
          <kontaktperson>ja</kontaktperson>
          <control-211 fr:relevant="false"></control-211>
          <control-4 fr:relevant="false"></control-4>
          <ikontaktperson>TU GENEREL MOCES M CPR gyldig</ikontaktperson>
          <itelefon></itelefon>
          <ivtelefon>+45 44684468</ivtelefon>
          <selvanmelder>ja</selvanmelder>
          <cvr-register-nummer>+45 44684468</cvr-register-nummer>
        </section-189>
        <section-klager>
          <control-193></control-193>
          <bbov fr:relevant="false">dig-selv</bbov>
          <bfuldmagt>nej</bfuldmagt>
          <vbov>borger</vbov>
          <vfuldmagt>ja</vfuldmagt>
          <kreference></kreference>
          <filfuldmagt filename="" mediatype="" size="" fr:relevant="false"></filfuldmagt>
          <control-13 fr:relevant="false"></control-13>
          <section-hvem-klager-du-paa-vegne-af>
            <knavn>Test af emneord</knavn>
            <ktelefonnummer></ktelefonnummer>
            <kcpr>121212-1212</kcpr>
            <kontrol-borgeren-har-ikke-cpr-nummer fr:relevant="false">false</kontrol-borgeren-har-ikke-cpr-nummer>
            <kudenlandsk-adresse>nej</kudenlandsk-adresse>
          </section-hvem-klager-du-paa-vegne-af>
          <section-anden-virksomhed fr:relevant="false">
            <control-195></control-195>
            <kcvr></kcvr>
            <kvirksomhed></kvirksomhed>
          </section-anden-virksomhed>
          <section-udenlandsk-virksomhed fr:relevant="false">
            <control-197></control-197>
            <kuvirksomhed></kuvirksomhed>
            <kutelefonnummer></kutelefonnummer>
          </section-udenlandsk-virksomhed>
          <section-udenlandsk-borger fr:relevant="false">
            <control-196></control-196>
            <kunavn></kunavn>
            <kubtelefonnummer></kubtelefonnummer>
          </section-udenlandsk-borger>
          <kkontakt fr:relevant="false"></kkontakt>
          <section-klagers-udenlandske-adr fr:relevant="false">
            <kuadresse></kuadresse>
            <kuadresse2></kuadresse2>
            <kupostnummer></kupostnummer>
            <kuby></kuby>
            <kuland></kuland>
            <kuomraade></kuomraade>
            <control-202></control-202>
            <kswift></kswift>
            <kiban></kiban>
          </section-klagers-udenlandske-adr>
        </section-klager>
      </section-klagen-vedroerer>
      <section-klagen-omhandler fr:section-status="changed">
        <oso></oso>
        <skatp fr:relevant="false"></skatp>
        <skats fr:relevant="false"></skats>
        <skate fr:relevant="false"></skate>
        <moms fr:relevant="false"></moms>
        <koretojer fr:relevant="false"></koretojer>
        <aarsomvurdering2019 fr:relevant="false"></aarsomvurdering2019>
        <control-1></control-1>
        <ejendom fr:relevant="false"></ejendom>
        <underemne-andet fr:relevant="false"></underemne-andet>
        <skatp_sagsgruppe></skatp_sagsgruppe>
        <skats_sagsgruppe></skats_sagsgruppe>
        <skate_sagsgruppe></skate_sagsgruppe>
        <moms_sagsgruppe></moms_sagsgruppe>
        <koretojer_sagsgruppe>20.16.28</koretojer_sagsgruppe>
        <ejendom_sagsgruppe></ejendom_sagsgruppe>
        <andet_sagsgruppe></andet_sagsgruppe>
        <underemne>20.16.28</underemne>
        <fagsoejle></fagsoejle>
        <fagsoejle-kode></fagsoejle-kode>
        <mener-det-omhandler fr:relevant="false"></mener-det-omhandler>
        <control-84 fr:relevant="false"></control-84>
        <flere-koretojer fr:relevant="false">et</flere-koretojer>
        <control-205 fr:relevant="false"></control-205>
        <section-3>
          <overordnet-emne>beskatning-af-fri-bil</overordnet-emne>
          <info-til-værdiansættelse fr:relevant="false"></info-til-værdiansættelse>
          <control-6 fr:relevant="false"></control-6>
        </section-3>
        <underemne-værdiansættelse fr:relevant="false">
          <motor-underemne></motor-underemne>
          <control-10></control-10>
        </underemne-værdiansættelse>
        <rep-biler>
          <indeks>Køretøj 1</indeks>
          <stel></stel>
          <reg></reg>
          <model_flere></model_flere>
          <maerke_flere></maerke_flere>
          <koeretoejstype_flere></koeretoejstype_flere>
          <indregistreringsdato_flere></indregistreringsdato_flere>
        </rep-biler>
        <control-203 fr:relevant="false"></control-203>
        <flere-ejendomme fr:relevant="false">en</flere-ejendomme>
        <kommunekode fr:relevant="false"></kommunekode>
        <ejendomsnummer fr:relevant="false"></ejendomsnummer>
        <ejendomsaddresse fr:relevant="false"></ejendomsaddresse>
        <ejendomsadresse2 fr:relevant="false"></ejendomsadresse2>
        <postnummer fr:relevant="false"></postnummer>
        <by fr:relevant="false"></by>
        <control-206 fr:relevant="false"></control-206>
        <rep-ejendomme>
          <indeks-e>Ejendom 1</indeks-e>
          <kkode></kkode>
          <enummer></enummer>
          <eadresse></eadresse>
          <eadresse2></eadresse2>
          <epostnummer></epostnummer>
          <eby></eby>
        </rep-ejendomme>
        <section-180>
          <antal>1</antal>
          <enhedspris>400</enhedspris>
          <pris>400</pris>
          <dibs-pris>0</dibs-pris>
          <varetekst fr:relevant="false">Klagegebyr</varetekst>
        </section-180>
      </section-klagen-omhandler>
      <section-køretøj fr:relevant="false">
        <stelnummer></stelnummer>
        <indregistreringsdato></indregistreringsdato>
        <maerke-dropdown></maerke-dropdown>
        <model></model>
        <maerke></maerke>
        <model-mc></model-mc>
        <motor-flere-info>nej</motor-flere-info>
        <mapping_maerke-til-team></mapping_maerke-til-team>
        <motorvariant></motorvariant>
        <udstyrsvariant></udstyrsvariant>
        <antaldøre></antaldøre>
        <udstyrsliste></udstyrsliste>
        <control-8></control-8>
        <koeretoejstype></koeretoejstype>
        <veteranbil>false</veteranbil>
      </section-køretøj>
      <section-begrundelse fr:section-status="changed">
        <control-2></control-2>
        <hvordan-sende>skrive-direkte</hvordan-sende>
        <section-skrive-begrundelse>
          <begrundelse-for-klage>esdfdsf</begrundelse-for-klage>
          <andetviboervide>dsfds</andetviboervide>
          <oensker-du-yderlig-dok>nej</oensker-du-yderlig-dok>
        </section-skrive-begrundelse>
        <section-vedhaeft-begrundelse fr:relevant="false">
          <filklage filename="" mediatype="" size=""></filklage>
          <control-11></control-11>
          <oensker-du-yderlig-dok2>nej</oensker-du-yderlig-dok2>
        </section-vedhaeft-begrundelse>
        <section-info-om-køretøj fr:relevant="false">
          <control-3></control-3>
          <køretøjstype></køretøjstype>
          <registreringsnummer></registreringsnummer>
          <stelnummer-afgift></stelnummer-afgift>
        </section-info-om-køretøj>
        <section-yderlig-dokumentation fr:relevant="false">
          <grid-49>
            <fildata filename="" mediatype="" size=""></fildata>
            <filnavn></filnavn>
            <control-14></control-14>
          </grid-49>
        </section-yderlig-dokumentation>
      </section-begrundelse>
      <section-afgoerelsen-oplysninger fr:section-status="changed">
        <adato>2019-09-29</adato>
        <control-90 fr:relevant="false"></control-90>
        <klf_aarsom fr:relevant="false"></klf_aarsom>
        <ofristbegundelse fr:relevant="false"></ofristbegundelse>
        <amyndighed>motorstyrelsen</amyndighed>
        <asagsnummer></asagsnummer>
        <section-2>
          <control-5></control-5>
          <filafg filename="" mediatype="" size=""></filafg>
          <control-12 fr:relevant="false"></control-12>
          <maks-filstoerrelse>7340032</maks-filstoerrelse>
          <maks-samlet-filstoerrelse>100000000</maks-samlet-filstoerrelse>
          <samlet-filstoerrelse>0</samlet-filstoerrelse>
        </section-2>
      </section-afgoerelsen-oplysninger>
      <section-181>
        <control-181></control-181>
        <control-185></control-185>
        <control-183>Klagegebyr</control-183>
        <control-184>400</control-184>
      </section-181>
      <section-betaling fr:section-status="" fr:relevant="false">
        <control-betaling-infotekst></control-betaling-infotekst>
        <control-betaling-tekst>Klagegebyr</control-betaling-tekst>
        <control-betaling-pris>0</control-betaling-pris>
        <section-betaling-oplysninger>
          <control-betaling-navn>TU GENEREL MOCES M CPR gyldig</control-betaling-navn>
          <control-betaling-email>tu-support@danid.dk</control-betaling-email>
        </section-betaling-oplysninger>
      </section-betaling>
      <section-175 fr:section-status="changed">
        <control-9></control-9>
        <senere-betaling>ja</senere-betaling>
        <konsekvens-betale-senere></konsekvens-betale-senere>
        <jeg-forstaa-konsekvens-betale-senere>ja</jeg-forstaa-konsekvens-betale-senere>
      </section-175>
      <section-bekraeftelse fr:section-status="changed">
        <control-88 fr:relevant="false"></control-88>
        <jeg-forstaa fr:relevant="false"></jeg-forstaa>
        <control-161 fr:relevant="false"></control-161>
        <jeg-forstaa-uden-betaling fr:relevant="false"></jeg-forstaa-uden-betaling>
        <control-179></control-179>
        <control-177>ja</control-177>
        <section-188>
          <control-188>one</control-188>
          <control-186 fr:relevant="false"></control-186>
        </section-188>
        <mapning>
          <primaerpart>
            <ppatype>C</ppatype>
            <ppakode>121212-1212</ppakode>
            <ppnavn>Test af emneord</ppnavn>
            <ppatt></ppatt>
            <ppsnr></ppsnr>
            <pptelefon></pptelefon>
          </primaerpart>
          <partsrep>
            <pratype>J</pratype>
            <prakode>30808460</prakode>
            <prnavn>NETS DANID A/S</prnavn>
            <pratt>TU GENEREL MOCES M CPR gyldig</pratt>
            <prtelefon>+45 44684468</prtelefon>
          </partsrep>
          <sagsomraade>
            <sagsgruppe>20.16.28</sagsgruppe>
            <organisatorisk-enhed-niveau-2></organisatorisk-enhed-niveau-2>
            <sagsart>SSAG</sagsart>
            <laeseadgang>6_MOTOR&amp;75</laeseadgang>
            <er-koretojer-valgt>false</er-koretojer-valgt>
            <er-ejendom-valgt>false</er-ejendom-valgt>
          </sagsomraade>
          <afgmyn>
            <afgakode>3727</afgakode>
            <afgnavn>motorstyrelsen</afgnavn>
            <afgsnr></afgsnr>
            <afgdato>2019-09-29</afgdato>
          </afgmyn>
          <naevn>
            <nakode>109</nakode>
            <nnavn>Skatteankestyrelsen</nnavn>
          </naevn>
          <andet>
            <betalingsdato>2019-10-22+02:00</betalingsdato>
            <erudenlandsk>false</erudenlandsk>
            <emneord-selvanmelder>AFGIFT</emneord-selvanmelder>
          </andet>
          <section-171>
            <betaling-status>senere-betaling</betaling-status>
            <gebyrbelagt>ja</gebyrbelagt>
            <betalt>BS5</betalt>
            <gebyrstorrelse>G1</gebyrstorrelse>
            <control-7></control-7>
          </section-171>
          <section-pdfdata>
            <titel-paa-pdf>Klagen vedrører et motorkøretøj</titel-paa-pdf>
            <sagsemne>Fixes senere i mapning</sagsemne>
          </section-pdfdata>
        </mapning>
      </section-bekraeftelse>
      <section-receipt fr:relevant="false">
        <receipt-text>Inden for ca. en uge sender vi en bekræftelse af, at vi har modtaget klagen. Samtidig oplyser vi et sagsnummer, og om hvornår klager kan forvente at modtage en afgørelse. Vi sender bekræftelsen med Digital Post til den kontaktperson, som du har oplyst.</receipt-text>
        <add-to-case-link>https://blanketpreprod.virk.dk/blanketstaging/orbeon/fr/public_v/10_cdef55d4d619fad13151984eab8358c403038da5/new</add-to-case-link>
        <has-paied-fee>Nej</has-paied-fee>
        <new-complaint-link>https://blanketpreprod.virk.dk/blanketstaging/orbeon/fr/nem_v/10_8036607a0e4eed4bcd536a8ea7577670bb61448f/new</new-complaint-link>
        <receipt-pre-blanketid-text>Du skal oplyse dit blanket ID, som er</receipt-pre-blanketid-text>
        <receipt-post-blanketid-text>, når du betaler gebyret. Med blanket ID’et kan vi identificere din sag, indtil du modtager dit sagsnummer. Husk derfor at gemme en kopi af denne side.</receipt-post-blanketid-text>
        <section-receipt-payment>
          <receipt-payment-title>Betal gebyr inden for 7 dage</receipt-payment-title>
          <receipt-payment-visibility>block</receipt-payment-visibility>
          <receipt-payment-text>Du har angivet, at du vil udskyde betalingen af klagegebyret op til 7 dage. Vær opmærksom på, at klagen bortfalder, hvis du ikke betaler gebyret inden for fristen. Sagsbehandlingen påbegyndes først, når gebyret er betalt.</receipt-payment-text>
          <receipt-payment-intro>Du skal overføre gebyret til Skatteankestyrelsens konto: reg. nr. 0216, kontonummer 4069029361. Husk at oplyse dit blanket ID ved betaling.</receipt-payment-intro>
        </section-receipt-payment>
      </section-receipt>
      <metadata>
        <formmetadata>
          <formdata name="mappingfil" value="MOTORFORMULAR"></formdata>
        </formmetadata>
        <kvitteringsid id="feltkvitteringsblanket" name="feltkvitteringsblanket">15303</kvitteringsid>
        <indsendtblanketmetadata>
          <indsendtblanket>
            <document_id value="e038b6b630cfee6db0ee6553b54d40306ee25cd0"></document_id>
            <indsendt_blanket_navn value="Motorformular"></indsendt_blanket_navn>
            <indsendt_blanket_id value="504638"></indsendt_blanket_id>
            <document_date value="2019-10-22"></document_date>
            <document_time value="10:00:28"></document_time>
            <ip value="for=185.151.193.19, host=blanketpreprod.virk.dk"></ip>
          </indsendtblanket>
        </indsendtblanketmetadata>
      </metadata>
    </form>
  </XmlData>
  <PdfData>
    <FileData>{FileData}</FileData>
    <FileName>{PdfData.FileName}</FileName>
  </PdfData>
  <Vedhaeftninger>
    <FileData>{DOCX FileData}</FileData>
    <FileName>Klageformular til ejendomsvurderinger - udkast.docx</FileName>
  </Vedhaeftninger>
  <Vedhaeftninger>
    <FileData>{PNG FileData}</FileData>
    <FileName>Word-ikon2.PNG</FileName>
  </Vedhaeftninger>
  <Vedhaeftninger>
    <FileData>{AFG. FileData}</FileData>
    <FileName>Højere-lavere Quiz.txt</FileName>
  </Vedhaeftninger>
</ReceiveBlanketData>