<?xml version="1.0" encoding="UTF-8"?>
<ReceiveBlanketData xmlns="http://tempuri.org/">
  <BlanketType>NY_BLANKET</BlanketType>
  <midlertidigtLagerBlanketId>fa38f9f1-0739-42fe-b9a9-7943e9df798b</midlertidigtLagerBlanketId>
  <XmlData>
    <form xmlns:fr="http://orbeon.org/oxf/xml/form-runner" fr:data-format-version="4.0.0">
      <section-klagen-vedroerer fr:section-status="changed">
        <section-1>
          <iudenlandsk-adresse fr:relevant="false">nej</iudenlandsk-adresse>
          <control-158 fr:relevant="false"></control-158>
          <iadresse fr:relevant="false"></iadresse>
          <iadresse2 fr:relevant="false"></iadresse2>
          <ipostnummer fr:relevant="false"></ipostnummer>
          <iby fr:relevant="false"></iby>
          <iomraade fr:relevant="false"></iomraade>
          <iland fr:relevant="false"></iland>
          <logintype>virksomhed</logintype>
          <icpr fr:relevant="false"></icpr>
          <inavn fr:relevant="false">TU GENEREL MOCES gyldig</inavn>
          <ibtelefon fr:relevant="false"></ibtelefon>
          <icvr>12345678</icvr>
          <ivirksomhed>NETS DANID A/S</ivirksomhed>
          <indsender>TU GENEREL MOCES gyldig</indsender>
          <control-191></control-191>
        </section-1>
        <section-189>
          <kontaktperson>ja</kontaktperson>
          <control-211 fr:relevant="false"></control-211>
          <control-4 fr:relevant="false"></control-4>
          <ikontaktperson>TU GENEREL MOCES gyldig</ikontaktperson>
          <itelefon></itelefon>
          <ivtelefon>+45 11111111</ivtelefon>
          <selvanmelder>ja</selvanmelder>
          <cvr-register-nummer>+45 11111111</cvr-register-nummer>
        </section-189>
        <section-klager>
          <control-193></control-193>
          <bbov fr:relevant="false">dig-selv</bbov>
          <bfuldmagt>nej</bfuldmagt>
          <vbov>borger</vbov>
          <vfuldmagt>ja</vfuldmagt>
          <kreference>Jatakza</kreference>
          <filfuldmagt filename="" mediatype="" size="" fr:relevant="false"></filfuldmagt>
          <section-hvem-klager-du-paa-vegne-af>
            <knavn>Test Testesen</knavn>
            <ktelefonnummer>22222222</ktelefonnummer>
            <kcpr>111111-2222</kcpr>
            <kontrol-borgeren-har-ikke-cpr-nummer fr:relevant="false">false</kontrol-borgeren-har-ikke-cpr-nummer>
            <kudenlandsk-adresse>nej</kudenlandsk-adresse>
          </section-hvem-klager-du-paa-vegne-af>
          <section-anden-virksomhed fr:relevant="false">
            <control-195></control-195>
            <kcvr></kcvr>
            <kvirksomhed></kvirksomhed>
          </section-anden-virksomhed>
          <section-udenlandsk-virksomhed fr:relevant="false">
            <control-197></control-197>
            <kuvirksomhed></kuvirksomhed>
            <kutelefonnummer></kutelefonnummer>
          </section-udenlandsk-virksomhed>
          <section-udenlandsk-borger fr:relevant="false">
            <control-196></control-196>
            <kunavn></kunavn>
            <kubtelefonnummer></kubtelefonnummer>
          </section-udenlandsk-borger>
          <kkontakt fr:relevant="false"></kkontakt>
          <section-klagers-udenlandske-adr fr:relevant="false">
            <kuadresse></kuadresse>
            <kuadresse2></kuadresse2>
            <kupostnummer></kupostnummer>
            <kuby></kuby>
            <kuland></kuland>
            <kuomraade></kuomraade>
            <control-202></control-202>
            <kswift></kswift>
            <kiban></kiban>
          </section-klagers-udenlandske-adr>
        </section-klager>
      </section-klagen-vedroerer>
      <section-klagen-omhandler fr:section-status="changed">
        <oso></oso>
        <skatp fr:relevant="false"></skatp>
        <skats fr:relevant="false"></skats>
        <skate fr:relevant="false"></skate>
        <moms fr:relevant="false"></moms>
        <koretojer fr:relevant="false"></koretojer>
        <aarsomvurdering2019 fr:relevant="false"></aarsomvurdering2019>
        <control-1></control-1>
        <ejendom fr:relevant="false"></ejendom>
        <underemne-andet fr:relevant="false"></underemne-andet>
        <skatp_sagsgruppe></skatp_sagsgruppe>
        <skats_sagsgruppe></skats_sagsgruppe>
        <skate_sagsgruppe></skate_sagsgruppe>
        <moms_sagsgruppe></moms_sagsgruppe>
        <koretojer_sagsgruppe>60.35.00</koretojer_sagsgruppe>
        <ejendom_sagsgruppe></ejendom_sagsgruppe>
        <andet_sagsgruppe></andet_sagsgruppe>
        <underemne>60.35.00</underemne>
        <fagsoejle></fagsoejle>
        <fagsoejle-kode></fagsoejle-kode>
        <mener-det-omhandler fr:relevant="false"></mener-det-omhandler>
        <control-84 fr:relevant="false"></control-84>
        <flere-koretojer fr:relevant="false">et</flere-koretojer>
        <control-205 fr:relevant="false"></control-205>
        <section-3>
          <overordnet-emne>beskatning-af-fri-bil</overordnet-emne>
          <info-til-værdiansættelse></info-til-værdiansættelse>
          <control-6 fr:relevant="false"></control-6>
        </section-3>
        <underemne-værdiansættelse>
          <motor-underemne>eksport</motor-underemne>
          <control-10></control-10>
        </underemne-værdiansættelse>
        <rep-biler>
          <indeks>Køretøj 1</indeks>
          <stel></stel>
          <reg></reg>
          <model_flere></model_flere>
          <maerke_flere></maerke_flere>
          <koeretoejstype_flere></koeretoejstype_flere>
          <indregistreringsdato_flere></indregistreringsdato_flere>
        </rep-biler>
        <control-203 fr:relevant="false"></control-203>
        <flere-ejendomme fr:relevant="false">en</flere-ejendomme>
        <kommunekode fr:relevant="false"></kommunekode>
        <ejendomsnummer fr:relevant="false"></ejendomsnummer>
        <ejendomsaddresse fr:relevant="false"></ejendomsaddresse>
        <ejendomsadresse2 fr:relevant="false"></ejendomsadresse2>
        <postnummer fr:relevant="false"></postnummer>
        <by fr:relevant="false"></by>
        <control-206 fr:relevant="false"></control-206>
        <rep-ejendomme>
          <indeks-e>Ejendom 1</indeks-e>
          <kkode></kkode>
          <enummer></enummer>
          <eadresse></eadresse>
          <eadresse2></eadresse2>
          <epostnummer></epostnummer>
          <eby></eby>
        </rep-ejendomme>
        <section-180>
          <antal>1</antal>
          <enhedspris>400</enhedspris>
          <pris>400</pris>
          <dibs-pris>400</dibs-pris>
          <varetekst fr:relevant="false">Klagegebyr</varetekst>
        </section-180>
      </section-klagen-omhandler>
      <section-køretøj fr:section-status="changed">
        <stelnummer>JFGL4460KDK4</stelnummer>
        <indregistreringsdato>2019-08-26</indregistreringsdato>
        <maerke>Suzuki</maerke>
        <model>Baleno</model>
        <maerke1></maerke1>
        <mapping_maerke-til-team></mapping_maerke-til-team>
        <motor-flere-info>ja</motor-flere-info>
        <motorvariant>2,0-liters Ti-VCT-motor med 162 hk.</motorvariant>
        <udstyrsvariant>Exclusive</udstyrsvariant>
        <antaldøre>5</antaldøre>
        <udstyrsliste>el-ruder, adaptiv fartpilot, 2-zoners klimaanlæg</udstyrsliste>
        <control-8></control-8>
        <koeretoejstype>BUS10</koeretoejstype>
        <veteranbil>true</veteranbil>
      </section-køretøj>
      <section-begrundelse fr:section-status="changed">
        <control-2></control-2>
        <hvordan-sende>skrive-direkte</hvordan-sende>
        <section-skrive-begrundelse>
          <begrundelse-for-klage>Min bil kører simpelthen for langsomt til den afgift!</begrundelse-for-klage>
          <andetviboervide>Der er 4 hjul på bilen.</andetviboervide>
          <oensker-du-yderlig-dok>ja</oensker-du-yderlig-dok>
        </section-skrive-begrundelse>
        <section-vedhaeft-begrundelse fr:relevant="false">
          <filklage filename="" mediatype="" size=""></filklage>
          <oensker-du-yderlig-dok2>nej</oensker-du-yderlig-dok2>
        </section-vedhaeft-begrundelse>
        <section-info-om-køretøj fr:relevant="false">
          <control-3></control-3>
          <køretøjstype></køretøjstype>
          <registreringsnummer></registreringsnummer>
          <stelnummer-afgift></stelnummer-afgift>
        </section-info-om-køretøj>
        <section-yderlig-dokumentation>
          <grid-49>
            <fildata filename="Klageformular til ejendomsvurderinger - udkast.docx" mediatype="application/vnd.openxmlformats-officedocument.wordprocessingml.document" size="309223">/fr/service/persistence/crud/nem_v/10_8036607a0e4eed4bcd536a8ea7577670bb61448f/data/93488dbd6d15f74ef99829d5ac056cf7e2b954bb/c96ac6aa044453a2d7835ddffcace685137785e7.bin</fildata>
            <filnavn>Klageformular til ejendomsvurdering</filnavn>
          </grid-49>
          <grid-49>
            <fildata filename="Word-ikon2.PNG" mediatype="image/png" size="12616">/fr/service/persistence/crud/nem_v/10_8036607a0e4eed4bcd536a8ea7577670bb61448f/data/93488dbd6d15f74ef99829d5ac056cf7e2b954bb/aae41f92794768e79dcda3f884ce3913dd24ce21.bin</fildata>
            <filnavn>Word-ikon2</filnavn>
          </grid-49>
        </section-yderlig-dokumentation>
      </section-begrundelse>
      <section-afgoerelsen-oplysninger fr:section-status="changed">
        <adato>2019-08-27</adato>
        <control-90 fr:relevant="false"></control-90>
        <klf_aarsom fr:relevant="false"></klf_aarsom>
        <ofristbegundelse fr:relevant="false"></ofristbegundelse>
        <amyndighed>motorstyrelsen</amyndighed>
        <asagsnummer></asagsnummer>
        <section-2>
          <control-5></control-5>
          <filafg filename="Højere-lavere Quiz.txt" mediatype="text/plain" size="385">/fr/service/persistence/crud/nem_v/10_8036607a0e4eed4bcd536a8ea7577670bb61448f/data/93488dbd6d15f74ef99829d5ac056cf7e2b954bb/8d5ec0750ea67d008e8dce675ac36b4eeee7c609.bin</filafg>
          <maks-filstoerrelse>7340032</maks-filstoerrelse>
          <maks-samlet-filstoerrelse>100000000</maks-samlet-filstoerrelse>
          <samlet-filstoerrelse>322224</samlet-filstoerrelse>
        </section-2>
      </section-afgoerelsen-oplysninger>
      <section-181 fr:relevant="false">
        <control-181></control-181>
        <control-185></control-185>
        <control-183>Klagegebyr</control-183>
        <control-184>400</control-184>
      </section-181>
      <section-betaling fr:section-status="">
        <control-betaling-infotekst></control-betaling-infotekst>
        <control-betaling-tekst>Klagegebyr</control-betaling-tekst>
        <control-betaling-pris>400</control-betaling-pris>
        <section-betaling-oplysninger>
          <control-betaling-navn>TU GENEREL MOCES gyldig</control-betaling-navn>
          <control-betaling-email>tu-support@danid.dk</control-betaling-email>
        </section-betaling-oplysninger>
      </section-betaling>
      <section-175 fr:section-status="">
        <control-9></control-9>
        <senere-betaling>nej</senere-betaling>
        <konsekvens-betale-senere fr:relevant="false"></konsekvens-betale-senere>
        <jeg-forstaa-konsekvens-betale-senere fr:relevant="false"></jeg-forstaa-konsekvens-betale-senere>
      </section-175>
      <section-bekraeftelse fr:section-status="changed">
        <control-88></control-88>
        <jeg-forstaa>one</jeg-forstaa>
        <control-161 fr:relevant="false"></control-161>
        <jeg-forstaa-uden-betaling fr:relevant="false"></jeg-forstaa-uden-betaling>
        <control-179 fr:relevant="false"></control-179>
        <control-177 fr:relevant="false"></control-177>
        <section-188 fr:relevant="false">
          <control-188></control-188>
          <control-186></control-186>
        </section-188>
        <mapning>
          <primaerpart>
            <ppatype>C</ppatype>
            <ppakode>111111-2222</ppakode>
            <ppnavn>Test Testesen</ppnavn>
            <ppatt></ppatt>
            <ppsnr></ppsnr>
            <pptelefon></pptelefon>
          </primaerpart>
          <partsrep>
            <pratype>J</pratype>
            <prakode>12345678</prakode>
            <prnavn>NETS DANID A/S</prnavn>
            <pratt>TU GENEREL MOCES gyldig</pratt>
            <prtelefon>+45 44684468</prtelefon>
          </partsrep>
          <sagsomraade>
            <sagsgruppe>60.35.00</sagsgruppe>
            <organisatorisk-enhed-niveau-2></organisatorisk-enhed-niveau-2>
            <sagsart>MSAG</sagsart>
            <laeseadgang>6_MOTOR&amp;75</laeseadgang>
            <er-koretojer-valgt>false</er-koretojer-valgt>
            <er-ejendom-valgt>false</er-ejendom-valgt>
          </sagsomraade>
          <afgmyn>
            <afgakode>3727</afgakode>
            <afgnavn>motorstyrelsen</afgnavn>
            <afgsnr></afgsnr>
            <afgdato>2019-08-27</afgdato>
          </afgmyn>
          <naevn>
            <nakode>109</nakode>
            <nnavn>Skatteankestyrelsen</nnavn>
          </naevn>
          <andet>
            <betalingsdato>2019-09-10+02:00</betalingsdato>
            <erudenlandsk>false</erudenlandsk>
            <emneord></emneord>
          </andet>
          <section-171>
            <betaling-status>betalt</betaling-status>
            <gebyrbelagt>ja</gebyrbelagt>
            <betalt>BS1</betalt>
            <gebyrstorrelse>G1</gebyrstorrelse>
            <control-7></control-7>
          </section-171>
          <section-pdfdata>
            <titel-paa-pdf>Klagen vedrører et motorkøretøj</titel-paa-pdf>
            <sagsemne>Fixes senere i mapning</sagsemne>
          </section-pdfdata>
        </mapning>
      </section-bekraeftelse>
      <metadata>
        <formmetadata>
          <formdata name="mappingfil" value="MOTORFORMULAR"></formdata>
        </formmetadata>
        <kvitteringsid id="feltkvitteringsblanket" name="feltkvitteringsblanket">12719</kvitteringsid>
        <indsendtblanketmetadata>
          <indsendtblanket>
            <document_id value="93488dbd6d15f74ef99829d5ac056cf7e2b954bb"></document_id>
            <indsendt_blanket_navn value="Motorformular"></indsendt_blanket_navn>
            <indsendt_blanket_id value="503453"></indsendt_blanket_id>
            <document_date value="2019-09-10"></document_date>
            <document_time value="11:00:14"></document_time>
            <ip value="for=185.151.193.22, host=blanketpreprod.virk.dk"></ip>
          </indsendtblanket>
        </indsendtblanketmetadata>
        <betalingmetadata>
          <betaling>
            <ordreid value="BLAN-PP-STAG-503453"></ordreid>
            <transaktionsid value="2548014434"></transaktionsid>
          </betaling>
        </betalingmetadata>
      </metadata>
    </form>
  </XmlData>
  <PdfData>
    <FileData>{FileData}</FileData>
    <FileName>{PdfData.FileName}</FileName>
  </PdfData>
  <Vedhaeftninger>
    <FileData>{DOCX FileData}</FileData>
    <FileName>Klageformular til ejendomsvurderinger - udkast.docx</FileName>
  </Vedhaeftninger>
  <Vedhaeftninger>
    <FileData>{PNG FileData}</FileData>
    <FileName>Word-ikon2.PNG</FileName>
  </Vedhaeftninger>
  <Vedhaeftninger>
    <FileData>{AFG. FileData}</FileData>
    <FileName>Højere-lavere Quiz.txt</FileName>
  </Vedhaeftninger>
</ReceiveBlanketData>