<?xml version="1.0" encoding="UTF-8"?>
<ReceiveBlanketData xmlns="http://tempuri.org/">
  <BlanketType>NY_BLANKET</BlanketType>
  <midlertidigtLagerBlanketId>fa38f9f1-0739-42fe-b9a9-7943e9df798b</midlertidigtLagerBlanketId>
  <XmlData>
<form xmlns:fr="http://orbeon.org/oxf/xml/form-runner" fr:data-format-version="4.0.0">
  <section-klagen-vedroerer fr:section-status="changed">
    <section-1>
      <iudenlandsk-adresse>ja</iudenlandsk-adresse>
      <control-158></control-158>
      <iadresse>Rue Du Bassin 5</iadresse>
      <iadresse2></iadresse2>
      <ipostnummer>68420</ipostnummer>
      <iby>Eguisheim</iby>
      <iomraade></iomraade>
      <iland>Frankrig</iland>
      <logintype>borger</logintype>
      <icpr>181078-4402</icpr>
      <inavn>Mikkel Jacobsen</inavn>
      <ibtelefon>85698569</ibtelefon>
      <icvr fr:relevant="false"></icvr>
      <ivirksomhed fr:relevant="false"></ivirksomhed>
      <indsender fr:relevant="false">Mikkel Jacobsen</indsender>
      <control-191></control-191>
    </section-1>
    <section-189 fr:relevant="false">
      <kontaktperson></kontaktperson>
      <control-4></control-4>
      <ikontaktperson></ikontaktperson>
      <itelefon></itelefon>
      <ivtelefon></ivtelefon>
      <cvr-register-nummer></cvr-register-nummer>
    </section-189>
    <section-klager>
      <control-193 fr:relevant="false"></control-193>
      <bbov>dig-selv</bbov>
      <bfuldmagt>nej</bfuldmagt>
      <vbov fr:relevant="false">dig-selv</vbov>
      <vfuldmagt>nej</vfuldmagt>
      <kreference fr:relevant="false"></kreference>
      <filfuldmagt filename="" mediatype="" size="" fr:relevant="false"></filfuldmagt>
      <section-hvem-klager-du-paa-vegne-af fr:relevant="false">
        <knavn></knavn>
        <ktelefonnummer></ktelefonnummer>
        <kcpr></kcpr>
        <kontrol-borgeren-har-ikke-cpr-nummer>false</kontrol-borgeren-har-ikke-cpr-nummer>
        <kudenlandsk-adresse>nej</kudenlandsk-adresse>
      </section-hvem-klager-du-paa-vegne-af>
      <section-anden-virksomhed fr:relevant="false">
        <control-195></control-195>
        <kcvr></kcvr>
        <kvirksomhed></kvirksomhed>
      </section-anden-virksomhed>
      <section-udenlandsk-virksomhed fr:relevant="false">
        <control-197></control-197>
        <kuvirksomhed></kuvirksomhed>
        <kuvtelefonnummer></kuvtelefonnummer>
      </section-udenlandsk-virksomhed>
      <section-udenlandsk-borger fr:relevant="false">
        <control-196></control-196>
        <kunavn></kunavn>
        <kubtelefonnummer></kubtelefonnummer>
      </section-udenlandsk-borger>
      <kkontakt fr:relevant="false"></kkontakt>
      <section-klagers-udenlandske-adr fr:relevant="false">
        <kuadresse></kuadresse>
        <kuadresse2></kuadresse2>
        <kupostnummer></kupostnummer>
        <kuby></kuby>
        <kuland></kuland>
        <kuomraade></kuomraade>
        <control-202></control-202>
        <kswift></kswift>
        <kiban></kiban>
      </section-klagers-udenlandske-adr>
    </section-klager>
  </section-klagen-vedroerer>
  <section-klagen-omhandler fr:section-status="changed">
    <control-201></control-201>
    <overordnet-emne>andet</overordnet-emne>
    <andet_sagsgruppe>14.00.00</andet_sagsgruppe>
    <control-84 fr:relevant="false"></control-84>
    <section-180>
      <antal>1</antal>
      <enhedspris>400</enhedspris>
      <pris>400</pris>
      <dibs-pris>400</dibs-pris>
      <varetekst>Klagegebyr</varetekst>
    </section-180>
  </section-klagen-omhandler>
  <section-begrundelse fr:section-status="changed">
    <control-2></control-2>
    <hvordan-sende>skrive-direkte</hvordan-sende>
    <section-skrive-begrundelse>
      <begrundelse-for-klage>Jeg ønsker at klage, fordi I ikke har sendt afgørelsen til min adresse i Frankrig. Jeg er i øjeblikket i gang med at fremskaffe dokumentation på dette.</begrundelse-for-klage>
      <andetviboervide></andetviboervide>
      <oensker-du-yderlig-dok>nej</oensker-du-yderlig-dok>
    </section-skrive-begrundelse>
    <section-vedhaeft-begrundelse fr:relevant="false">
      <filklage filename="" mediatype="" size=""></filklage>
      <oensker-du-yderlig-dok2>nej</oensker-du-yderlig-dok2>
    </section-vedhaeft-begrundelse>
    <section-yderlig-dokumentation fr:relevant="false">
      <grid-49>
        <fildata filename="" mediatype="" size=""></fildata>
        <filnavn></filnavn>
      </grid-49>
    </section-yderlig-dokumentation>
  </section-begrundelse>
  <section-afgoerelsen-oplysninger fr:section-status="changed">
    <adato>2019-04-19</adato>
    <control-90></control-90>
    <ofristbegundelse></ofristbegundelse>
    <amyndighed>skattestyrelsen</amyndighed>
    <asagsnummer>17-12345</asagsnummer>
    <section-2>
      <control-5></control-5>
      <filafg filename="Afgõrelse til upload.pdf" mediatype="application/pdf" size="401982">/fr/service/persistence/crud/nem_v/10_439018489bb36fa5f5804c98aa82eb05e9e6935e/data/695ed45d64944528fa28a3c19b09bd2b5a9b918d/90688e5b267d291b781d498439630d3dde917792.bin</filafg>
      <maks-filstoerrelse>7340032</maks-filstoerrelse>
      <maks-samlet-filstoerrelse>100000000</maks-samlet-filstoerrelse>
      <samlet-filstoerrelse>401982</samlet-filstoerrelse>
    </section-2>
  </section-afgoerelsen-oplysninger>
  <section-181 fr:relevant="false">
    <control-181></control-181>
    <control-185></control-185>
    <control-183>Klagegebyr</control-183>
    <control-184>400</control-184>
  </section-181>
  <section-betaling fr:section-status="">
    <control-betaling-infotekst></control-betaling-infotekst>
    <control-betaling-tekst>Klagegebyr</control-betaling-tekst>
    <control-betaling-pris>400</control-betaling-pris>
    <section-betaling-oplysninger>
      <control-betaling-navn>Mikkel Jacobsen</control-betaling-navn>
      <control-betaling-email></control-betaling-email>
    </section-betaling-oplysninger>
  </section-betaling>
  <section-175 fr:relevant="false">
    <control-3></control-3>
    <senere-betaling>nej</senere-betaling>
    <konsekvens-betale-senere></konsekvens-betale-senere>
    <jeg-forstaa-konsekvens-betale-senere></jeg-forstaa-konsekvens-betale-senere>
  </section-175>
  <section-bekraeftelse fr:section-status="changed">
    <control-88></control-88>
    <jeg-forstaa>one</jeg-forstaa>
    <control-161 fr:relevant="false"></control-161>
    <jeg-forstaa-uden-betaling fr:relevant="false"></jeg-forstaa-uden-betaling>
    <control-179 fr:relevant="false"></control-179>
    <control-177 fr:relevant="false"></control-177>
    <section-188 fr:relevant="false">
      <control-188></control-188>
      <control-186></control-186>
    </section-188>
    <mapning>
      <primaerpart>
        <ppatype>C</ppatype>
        <ppakode>181078-4402</ppakode>
        <ppnavn>Mikkel Jacobsen</ppnavn>
        <ppatt></ppatt>
        <ppsnr></ppsnr>
        <pptelefon></pptelefon>
      </primaerpart>
      <partsrep>
        <pratype></pratype>
        <prakode></prakode>
        <prnavn></prnavn>
        <pratt></pratt>
        <prtelefon></prtelefon>
      </partsrep>
      <sagsomraade>
        <sagsgruppe>14.00.00</sagsgruppe>
        <sagsart>SSAG</sagsart>
        <laeseadgang></laeseadgang>
      </sagsomraade>
      <afgmyn>
        <afgakode>3725</afgakode>
        <afgnavn>skattestyrelsen</afgnavn>
        <afgsnr>17-12345</afgsnr>
        <afgdato>2019-04-19</afgdato>
      </afgmyn>
      <naevn>
        <nakode>109</nakode>
        <nnavn>Skatteankestyrelsen</nnavn>
      </naevn>
      <andet>
        <betalingsdato>2019-09-17+02:00</betalingsdato>
        <erudenlandsk>false</erudenlandsk>
      </andet>
      <section-171>
        <betaling-status>betalt</betaling-status>
        <gebyrbelagt>ja</gebyrbelagt>
        <betalt>BS1</betalt>
        <gebyrstorrelse>G1</gebyrstorrelse>
      </section-171>
    </mapning>
  </section-bekraeftelse>
  <metadata>
    <formmetadata>
      <formdata name="mappingfil" value="SKATTEFORMULAR"></formdata>
    </formmetadata>
    <kvitteringsid id="feltkvitteringsblanket" name="feltkvitteringsblanket">13345</kvitteringsid>
    <indsendtblanketmetadata>
      <indsendtblanket>
        <document_id value="695ed45d64944528fa28a3c19b09bd2b5a9b918d"></document_id>
        <indsendt_blanket_navn value="Andre-emner-formular"></indsendt_blanket_navn>
        <indsendt_blanket_id value="503603"></indsendt_blanket_id>
        <document_date value="2019-09-17"></document_date>
        <document_time value="09:48:13"></document_time>
        <ip value="for=192.136.74.61, host=blanketpreprod.virk.dk"></ip>
      </indsendtblanket>
    </indsendtblanketmetadata>
    <betalingmetadata>
      <betaling>
        <ordreid value="BLAN-PP-STAG-503603"></ordreid>
        <transaktionsid value="2552844919"></transaktionsid>
      </betaling>
    </betalingmetadata>
  </metadata>
</form>

  </XmlData>
  <PdfData>
    <FileData>{FileData}</FileData>
    <FileName>{PdfData.FileName}</FileName>
  </PdfData>
  <Vedhaeftninger>
    <FileData>{FileData}</FileData>
    <FileName>Afgørelse til upload.pdf</FileName>
  </Vedhaeftninger>
</ReceiveBlanketData>