<?xml version="1.0" encoding="UTF-8"?>
<ReceiveBlanketData xmlns="http://tempuri.org/">
  <BlanketType>NY_BLANKET</BlanketType>
  <midlertidigtLagerBlanketId>fa38f9f1-0739-42fe-b9a9-7943e9df798b</midlertidigtLagerBlanketId>
  <XmlData>
<form xmlns:fr="http://orbeon.org/oxf/xml/form-runner" fr:data-format-version="4.0.0">
  <section-27 fr:section-status="changed">
    <section-37>
      <control-53></control-53>
      <icpr fr:relevant="false">180260-2810</icpr>
      <inavn fr:relevant="false">TU GENEREL MOCES M CPR gyldig</inavn>
      <icvr>30808460</icvr>
      <ivirksomhed>NETS DANID A/S</ivirksomhed>
      <indsender>TU GENEREL MOCES M CPR gyldig</indsender>
    </section-37>
    <section-1>
      <grid-47>
        <sagsnumre></sagsnumre>
      </grid-47>
      <control-2></control-2>
      <sagsnummer_blanket-id>19-0000390</sagsnummer_blanket-id>
      <not-sagsnummer_blanket-id>false</not-sagsnummer_blanket-id>
      <flere-sager>nej</flere-sager>
      <control-50 fr:relevant="false"></control-50>
    </section-1>
    <control-40 fr:relevant="false"></control-40>
    <klageinfo-hvem fr:relevant="false"></klageinfo-hvem>
    <klageinfo-hvad fr:relevant="false"></klageinfo-hvad>
    <section-43>
      <control-1></control-1>
      <valgafmetode>skrive-en-besked-direkte-i-kommentarfeltet</valgafmetode>
      <besked-emne-droplist>Tilbagekaldelse</besked-emne-droplist>
      <besked-emne-andet fr:relevant="false"></besked-emne-andet>
      <beskednavn>Tilbagekaldelse</beskednavn>
      <besked>dfdfdfd</besked>
      <control-47 fr:relevant="false"></control-47>
      <grid-yderligere-vedhaeftninger>
        <fildata filename="" mediatype="" size=""></fildata>
        <control-3></control-3>
        <filnavn-dropdown></filnavn-dropdown>
        <filnavn-andet></filnavn-andet>
        <filnavn></filnavn>
      </grid-yderligere-vedhaeftninger>
      <maks-filstoerrelse>7340032</maks-filstoerrelse>
      <maks-samlet-filstoerrelse>100000000</maks-samlet-filstoerrelse>
      <samlet-filstoerrelse>0</samlet-filstoerrelse>
    </section-43>
    <section-44>
      <control-44></control-44>
      <control-45>one</control-45>
    </section-44>
    <mapning>
      <atype>J</atype>
      <akode>30808460</akode>
      <hoveddokument></hoveddokument>
      <sagsnummer>19-0000390</sagsnummer>
      <blanket-id></blanket-id>
      <not-sagsnummer>false</not-sagsnummer>
      <not-blanket-id>false</not-blanket-id>
      <logintype>virksomhed</logintype>
    </mapning>
  </section-27>
  <metadata>
    <formmetadata>
      <formdata name="mappingfil" value="TILFOEJNYTTILSAG"></formdata>
    </formmetadata>
    <kvitteringsid id="feltkvitteringsblanket" name="feltkvitteringsblanket">14899</kvitteringsid>
    <indsendtblanketmetadata>
      <indsendtblanket>
        <document_id value="60faf19c9f00097022a2810c83db64362b40de35"></document_id>
        <indsendt_blanket_navn value="Tilfoej-nyt-til-sag"></indsendt_blanket_navn>
        <indsendt_blanket_id value="504437"></indsendt_blanket_id>
        <document_date value="2019-10-15"></document_date>
        <document_time value="12:48:07"></document_time>
        <ip value="for=185.151.193.20, host=blanketpreprod.virk.dk"></ip>
      </indsendtblanket>
    </indsendtblanketmetadata>
  </metadata>
</form>
  </XmlData>
  <PdfData>
    <FileData>{FileData}</FileData>
    <FileName>{PdfData.FileName}</FileName>
  </PdfData>
  <Vedhaeftninger>
    <FileData>{PNG FileData}</FileData>
    <FileName>Word-ikon2.PNG</FileName>
  </Vedhaeftninger>
</ReceiveBlanketData>